If the data provided by the Korea Oceanographic Data Center (KODC) are used in academic papers or publications, please clearly cite the source.
한국해양자료센터의 자료를 통해 도출된 학술 논문 및 저서에 사용 출처를 명확히 밝혀 주시면 감사하겠습니다.
Acknowledgment
This study used publicly available data from Korea Oceanographic Data Center, KODC, which can be accessed at https://www.nifs.go.kr/kodc/eng/index.kodc.
감사의 글
본 연구는 한국해양자료센터(KODC)의 공개 데이터를 사용하였으며, 해당 자료는 https://www.nifs.go.kr/kodc/eng/index.kodc에서 열람할 수 있습니다.

해역,정선,정점,정선-정점,위도,경도,관측일시(KST),관측수심(m),수온(°C),염분(psu),용존산소(ml/L),인산염인(μmol/L),아질산질소(μmol/L),질산질소(μmol/L),규산규소(μmol/L),pH,투명도(m),기압(hPa),조사선
서해,307,03,307-03,36.9417,126,2025-10-16,0,21.64,31.24,5.13,0.46,0.39,6.39,9.58,0.39,,8.00,,탐구8호
서해,307,03,307-03,36.9417,126,2025-10-16,10,21.51,31.29,5.15,,,,,,,8.00,,탐구8호
서해,307,03,307-03,36.9417,126,2025-10-16,20,21.39,31.36,5.15,0.44,0.48,5.72,8.82,0.38,,8.00,,탐구8호
서해,307,03,307-03,36.9417,126,2025-10-16,30,21.39,31.37,5.15,,,,,,,8.00,,탐구8호
서해,307,03,307-03,36.9417,126,2025-10-16,50,21.39,31.37,5.15,0.44,0.53,5.86,8.78,0.41,,8.00,,탐구8호
서해,307,03,307-03,36.9417,126,2025-10-16,75,,,,,,,,,,8.00,,탐구8호
서해,307,03,307-03,36.9417,126,2025-12-09,0,11.69,31.46,,,,,,,,2.40,1028.00,탐구8호
서해,307,03,307-03,36.9417,126,2025-12-09,10,11.67,31.46,,,,,,,,2.40,1028.00,탐구8호
서해,307,03,307-03,36.9417,126,2025-12-09,20,11.66,31.47,6.23,0.72,0.34,10.70,10.52,0.88,,2.40,1028.00,탐구8호
서해,307,03,307-03,36.9417,126,2025-12-09,30,11.65,31.48,,,,,,,,2.40,1028.00,탐구8호
서해,307,03,307-03,36.9417,126,2025-12-09,50,11.60,31.51,6.25,0.79,0.34,11.13,11.41,0.96,,2.40,1028.00,탐구8호
서해,307,03,307-03,36.9417,126,2025-12-09,75,,,,,,,,,,2.40,1028.00,탐구8호
서해,307,03,307-03,36.9417,126,2026-02-03,0,3.42,31.37,,,,,,,,,,
서해,307,03,307-03,36.9417,126,2026-02-03,10,3.42,31.37,,,,,,,,,,
서해,307,03,307-03,36.9417,126,2026-02-03,20,3.41,31.37,,,,,,,,,,
서해,307,03,307-03,36.9417,126,2026-02-03,30,3.41,31.37,,,,,,,,,,
서해,307,03,307-03,36.9417,126,2026-02-03,50,3.42,31.37,,,,,,,,,,
서해,307,03,307-03,36.9417,126,2026-02-03,75,,,,,,,,,,,,
서해,307,03,307-03,36.9417,126,2026-02-03,100,,,,,,,,,,,,
서해,307,03,307-03,36.9417,126,2026-02-03,125,,,,,,,,,,,,
서해,307,03,307-03,36.9417,126,2026-02-03,150,,,,,,,,,,,,
서해,307,03,307-03,36.9417,126,2026-02-03,200,,,,,,,,,,,,
서해,307,03,307-03,36.9417,126,2026-02-03,250,,,,,,,,,,,,
서해,307,03,307-03,36.9417,126,2026-02-03,300,,,,,,,,,,,,
서해,307,03,307-03,36.9417,126,2026-02-03,400,,,,,,,,,,,,
서해,307,03,307-03,36.9417,126,2026-02-03,500,,,,,,,,,,,,
서해,307,03,307-03,36.9417,126,2026-04-15,0,6.91,31.53,,,,,,,,,,
서해,307,03,307-03,36.9417,126,2026-04-15,10,6.88,31.53,,,,,,,,,,
서해,307,03,307-03,36.9417,126,2026-04-15,20,6.86,31.54,,,,,,,,,,
서해,307,03,307-03,36.9417,126,2026-04-15,30,6.82,31.54,,,,,,,,,,
서해,307,03,307-03,36.9417,126,2026-04-15,50,6.81,31.55,,,,,,,,,,
서해,307,03,307-03,36.9417,126,2026-06-11,0,13.61,31.60,,,,,,,,,,
서해,307,03,307-03,36.9417,126,2026-06-11,10,13.61,31.60,,,,,,,,,,
서해,307,03,307-03,36.9417,126,2026-06-11,20,13.61,31.60,,,,,,,,,,
서해,307,03,307-03,36.9417,126,2026-06-11,30,13.61,31.60,,,,,,,,,,
서해,307,03,307-03,36.9417,126,2026-06-11,50,13.61,31.60,,,,,,,,,,
서해,307,03,307-03,36.9417,126,2026-08-14,0,23.70,31.46,,,,,,,,,,
서해,307,03,307-03,36.9417,126,2026-08-14,10,23.71,31.46,,,,,,,,,,
서해,307,03,307-03,36.9417,126,2026-08-14,20,23.67,31.46,,,,,,,,,,
서해,307,03,307-03,36.9417,126,2026-08-14,30,23.61,31.48,,,,,,,,,,
서해,307,03,307-03,36.9417,126,2026-08-14,50,23.52,31.52,,,,,,,,,,
서해,307,04,307-04,36.925,125.6283,2025-10-16,0,21.16,31.33,5.18,,,,,,,6.30,1028.00,탐구8호
서해,307,04,307-04,36.925,125.6283,2025-10-16,10,21.14,31.33,5.18,,,,,,,6.30,1028.00,탐구8호
서해,307,04,307-04,36.925,125.6283,2025-10-16,20,20.97,31.43,5.19,,,,,,,6.30,1028.00,탐구8호
서해,307,04,307-04,36.925,125.6283,2025-10-16,30,,,,,,,,,,6.30,1028.00,탐구8호
서해,307,04,307-04,36.925,125.6283,2025-10-16,50,,,,,,,,,,6.30,1028.00,탐구8호
서해,307,04,307-04,36.925,125.6283,2025-10-16,75,,,,,,,,,,6.30,1028.00,탐구8호
서해,307,04,307-04,36.925,125.6283,2025-12-09,0,11.16,31.43,,,,,,,,2.60,1028.00,탐구8호
서해,307,04,307-04,36.925,125.6283,2025-12-09,10,11.14,31.43,,,,,,,,2.60,1028.00,탐구8호
서해,307,04,307-04,36.925,125.6283,2025-12-09,20,11.12,31.43,,,,,,,,2.60,1028.00,탐구8호
서해,307,04,307-04,36.925,125.6283,2025-12-09,30,,,,,,,,,,2.60,1028.00,탐구8호
서해,307,04,307-04,36.925,125.6283,2025-12-09,50,,,,,,,,,,2.60,1028.00,탐구8호
서해,307,04,307-04,36.925,125.6283,2025-12-09,75,,,,,,,,,,2.60,1028.00,탐구8호
서해,307,04,307-04,36.925,125.6283,2026-02-03,0,2.88,31.47,,,,,,,,,,
서해,307,04,307-04,36.925,125.6283,2026-02-03,10,2.81,31.47,,,,,,,,,,
서해,307,04,307-04,36.925,125.6283,2026-02-03,20,2.82,31.49,,,,,,,,,,
서해,307,04,307-04,36.925,125.6283,2026-02-03,30,2.84,31.49,,,,,,,,,,
서해,307,04,307-04,36.925,125.6283,2026-02-03,50,,,,,,,,,,,,
서해,307,04,307-04,36.925,125.6283,2026-02-03,75,,,,,,,,,,,,
서해,307,04,307-04,36.925,125.6283,2026-02-03,100,,,,,,,,,,,,
서해,307,04,307-04,36.925,125.6283,2026-02-03,125,,,,,,,,,,,,
서해,307,04,307-04,36.925,125.6283,2026-02-03,150,,,,,,,,,,,,
서해,307,04,307-04,36.925,125.6283,2026-02-03,200,,,,,,,,,,,,
서해,307,04,307-04,36.925,125.6283,2026-02-03,250,,,,,,,,,,,,
서해,307,04,307-04,36.925,125.6283,2026-02-03,300,,,,,,,,,,,,
서해,307,04,307-04,36.925,125.6283,2026-02-03,400,,,,,,,,,,,,
서해,307,04,307-04,36.925,125.6283,2026-02-03,500,,,,,,,,,,,,
서해,307,04,307-04,36.925,125.6283,2026-04-15,0,8.04,31.50,,,,,,,,,,
서해,307,04,307-04,36.925,125.6283,2026-04-15,10,6.86,31.55,,,,,,,,,,
서해,307,04,307-04,36.925,125.6283,2026-04-15,20,6.28,31.68,,,,,,,,,,
서해,307,04,307-04,36.925,125.6283,2026-04-15,30,6.10,31.80,,,,,,,,,,
서해,307,04,307-04,36.925,125.6283,2026-06-11,0,15.78,31.75,,,,,,,,,,
서해,307,04,307-04,36.925,125.6283,2026-06-11,10,14.12,31.86,,,,,,,,,,
서해,307,04,307-04,36.925,125.6283,2026-06-11,20,10.88,31.97,,,,,,,,,,
서해,307,04,307-04,36.925,125.6283,2026-06-11,30,10.80,31.95,,,,,,,,,,
서해,307,04,307-04,36.925,125.6283,2026-08-14,0,24.74,31.60,,,,,,,,,,
서해,307,04,307-04,36.925,125.6283,2026-08-14,10,24.35,31.60,,,,,,,,,,
서해,307,04,307-04,36.925,125.6283,2026-08-14,20,22.88,31.62,,,,,,,,,,
서해,307,04,307-04,36.925,125.6283,2026-08-14,30,17.33,31.96,,,,,,,,,,
서해,307,05,307-05,36.925,125.4167,2025-10-16,0,22.04,31.16,5.10,0.05,0.08,0.96,3.09,0.59,,8.50,1022.00,탐구8호
서해,307,05,307-05,36.925,125.4167,2025-10-16,10,22.03,31.16,5.10,,,,,,,8.50,1022.00,탐구8호
서해,307,05,307-05,36.925,125.4167,2025-10-16,20,21.78,31.25,5.12,0.17,0.32,2.61,5.99,0.54,,8.50,1022.00,탐구8호
서해,307,05,307-05,36.925,125.4167,2025-10-16,30,18.27,31.96,5.44,,,,,,,8.50,1022.00,탐구8호
서해,307,05,307-05,36.925,125.4167,2025-10-16,50,,,,,,,,,,8.50,1022.00,탐구8호
서해,307,05,307-05,36.925,125.4167,2025-10-16,75,,,,,,,,,,8.50,1022.00,탐구8호
서해,307,05,307-05,36.925,125.4167,2025-12-09,0,10.76,31.85,6.22,0.67,0.23,8.97,11.26,0.52,,4.00,1028.00,탐구8호
서해,307,05,307-05,36.925,125.4167,2025-12-09,10,11.05,32.10,,,,,,,,4.00,1028.00,탐구8호
서해,307,05,307-05,36.925,125.4167,2025-12-09,20,10.94,32.18,5.79,0.59,0.28,7.39,10.94,0.40,,4.00,1028.00,탐구8호
서해,307,05,307-05,36.925,125.4167,2025-12-09,30,10.89,32.20,,,,,,,,4.00,1028.00,탐구8호
서해,307,05,307-05,36.925,125.4167,2025-12-09,50,10.85,32.21,5.81,0.60,0.21,7.37,11.05,0.39,,4.00,1028.00,탐구8호
서해,307,05,307-05,36.925,125.4167,2025-12-09,75,,,,,,,,,,4.00,1028.00,탐구8호
서해,307,05,307-05,36.925,125.4167,2026-02-03,0,4.93,32.03,,,,,,,,,,
서해,307,05,307-05,36.925,125.4167,2026-02-03,10,4.88,32.03,,,,,,,,,,
서해,307,05,307-05,36.925,125.4167,2026-02-03,20,4.85,32.03,,,,,,,,,,
서해,307,05,307-05,36.925,125.4167,2026-02-03,30,4.88,32.04,,,,,,,,,,
서해,307,05,307-05,36.925,125.4167,2026-02-03,50,,,,,,,,,,,,
서해,307,05,307-05,36.925,125.4167,2026-02-03,75,,,,,,,,,,,,
서해,307,05,307-05,36.925,125.4167,2026-02-03,100,,,,,,,,,,,,
서해,307,05,307-05,36.925,125.4167,2026-02-03,125,,,,,,,,,,,,
서해,307,05,307-05,36.925,125.4167,2026-02-03,150,,,,,,,,,,,,
서해,307,05,307-05,36.925,125.4167,2026-02-03,200,,,,,,,,,,,,
서해,307,05,307-05,36.925,125.4167,2026-02-03,250,,,,,,,,,,,,
서해,307,05,307-05,36.925,125.4167,2026-02-03,300,,,,,,,,,,,,
서해,307,05,307-05,36.925,125.4167,2026-02-03,400,,,,,,,,,,,,
서해,307,05,307-05,36.925,125.4167,2026-02-03,500,,,,,,,,,,,,
서해,307,05,307-05,36.925,125.4167,2026-04-15,0,7.22,31.68,,,,,,,,,,
서해,307,05,307-05,36.925,125.4167,2026-04-15,10,6.11,31.72,,,,,,,,,,
서해,307,05,307-05,36.925,125.4167,2026-04-15,20,5.56,31.78,,,,,,,,,,
서해,307,05,307-05,36.925,125.4167,2026-04-15,30,5.19,31.87,,,,,,,,,,
서해,307,05,307-05,36.925,125.4167,2026-06-11,0,17.71,31.87,,,,,,,,,,
서해,307,05,307-05,36.925,125.4167,2026-06-11,10,13.85,31.89,,,,,,,,,,
서해,307,05,307-05,36.925,125.4167,2026-06-11,20,12.81,31.91,,,,,,,,,,
서해,307,05,307-05,36.925,125.4167,2026-06-11,30,11.01,31.96,,,,,,,,,,
서해,307,05,307-05,36.925,125.4167,2026-06-11,50,8.88,32.01,,,,,,,,,,
서해,307,05,307-05,36.925,125.4167,2026-08-14,0,24.99,31.56,,,,,,,,,,
서해,307,05,307-05,36.925,125.4167,2026-08-14,10,24.94,31.57,,,,,,,,,,
서해,307,05,307-05,36.925,125.4167,2026-08-14,20,23.25,31.71,,,,,,,,,,
서해,307,05,307-05,36.925,125.4167,2026-08-14,30,19.94,31.78,,,,,,,,,,
서해,307,06,307-06,36.925,125.2083,2025-10-16,0,22.77,31.03,5.04,,,,,,,9.00,1019.00,탐구8호
서해,307,06,307-06,36.925,125.2083,2025-10-16,10,22.72,31.04,5.04,,,,,,,9.00,1019.00,탐구8호
서해,307,06,307-06,36.925,125.2083,2025-10-16,20,22.24,31.23,5.08,,,,,,,9.00,1019.00,탐구8호
서해,307,06,307-06,36.925,125.2083,2025-10-16,30,13.52,32.65,5.95,,,,,,,9.00,1019.00,탐구8호
서해,307,06,307-06,36.925,125.2083,2025-10-16,50,12.42,32.62,6.09,,,,,,,9.00,1019.00,탐구8호
서해,307,06,307-06,36.925,125.2083,2025-10-16,75,,,,,,,,,,9.00,1019.00,탐구8호
서해,307,06,307-06,36.925,125.2083,2025-12-09,0,10.60,32.06,,,,,,,,7.80,1028.00,탐구8호
서해,307,06,307-06,36.925,125.2083,2025-12-09,10,10.62,32.10,,,,,,,,7.80,1028.00,탐구8호
서해,307,06,307-06,36.925,125.2083,2025-12-09,20,10.66,32.17,,,,,,,,7.80,1028.00,탐구8호
서해,307,06,307-06,36.925,125.2083,2025-12-09,30,10.65,32.19,,,,,,,,7.80,1028.00,탐구8호
서해,307,06,307-06,36.925,125.2083,2025-12-09,50,10.61,32.21,,,,,,,,7.80,1028.00,탐구8호
서해,307,06,307-06,36.925,125.2083,2025-12-09,75,,,,,,,,,,7.80,1028.00,탐구8호
서해,307,06,307-06,36.925,125.2083,2026-02-03,0,5.50,32.17,,,,,,,,,,
서해,307,06,307-06,36.925,125.2083,2026-02-03,10,5.26,32.19,,,,,,,,,,
서해,307,06,307-06,36.925,125.2083,2026-02-03,20,5.35,32.22,,,,,,,,,,
서해,307,06,307-06,36.925,125.2083,2026-02-03,30,5.36,32.22,,,,,,,,,,
서해,307,06,307-06,36.925,125.2083,2026-02-03,50,5.32,32.21,,,,,,,,,,
서해,307,06,307-06,36.925,125.2083,2026-02-03,75,,,,,,,,,,,,
서해,307,06,307-06,36.925,125.2083,2026-02-03,100,,,,,,,,,,,,
서해,307,06,307-06,36.925,125.2083,2026-02-03,125,,,,,,,,,,,,
서해,307,06,307-06,36.925,125.2083,2026-02-03,150,,,,,,,,,,,,
서해,307,06,307-06,36.925,125.2083,2026-02-03,200,,,,,,,,,,,,
서해,307,06,307-06,36.925,125.2083,2026-02-03,250,,,,,,,,,,,,
서해,307,06,307-06,36.925,125.2083,2026-02-03,300,,,,,,,,,,,,
서해,307,06,307-06,36.925,125.2083,2026-02-03,400,,,,,,,,,,,,
서해,307,06,307-06,36.925,125.2083,2026-02-03,500,,,,,,,,,,,,
서해,307,06,307-06,36.925,125.2083,2026-04-15,0,7.13,31.66,,,,,,,,,,
서해,307,06,307-06,36.925,125.2083,2026-04-15,10,6.22,31.74,,,,,,,,,,
서해,307,06,307-06,36.925,125.2083,2026-04-15,20,6.13,31.91,,,,,,,,,,
서해,307,06,307-06,36.925,125.2083,2026-04-15,30,6.45,32.01,,,,,,,,,,
서해,307,06,307-06,36.925,125.2083,2026-04-15,50,6.58,32.05,,,,,,,,,,
서해,307,06,307-06,36.925,125.2083,2026-06-11,0,16.11,31.90,,,,,,,,,,
서해,307,06,307-06,36.925,125.2083,2026-06-11,10,12.55,32.04,,,,,,,,,,
서해,307,06,307-06,36.925,125.2083,2026-06-11,20,9.72,32.10,,,,,,,,,,
서해,307,06,307-06,36.925,125.2083,2026-06-11,30,8.02,31.96,,,,,,,,,,
서해,307,06,307-06,36.925,125.2083,2026-06-11,50,7.93,31.95,,,,,,,,,,
서해,307,06,307-06,36.925,125.2083,2026-08-14,0,26.21,31.26,,,,,,,,,,
서해,307,06,307-06,36.925,125.2083,2026-08-14,10,25.78,31.38,,,,,,,,,,
서해,307,06,307-06,36.925,125.2083,2026-08-14,20,23.60,31.63,,,,,,,,,,
서해,307,06,307-06,36.925,125.2083,2026-08-14,30,18.83,31.83,,,,,,,,,,
서해,307,06,307-06,36.925,125.2083,2026-08-14,50,11.99,32.11,,,,,,,,,,
서해,307,07,307-07,36.925,125,2025-10-16,0,22.83,30.90,5.04,0.02,0.02,1.08,1.05,0.17,,10.00,1019.00,탐구8호
서해,307,07,307-07,36.925,125,2025-10-16,10,22.82,30.90,5.04,,,,,,,10.00,1019.00,탐구8호
서해,307,07,307-07,36.925,125,2025-10-16,20,21.99,31.14,5.11,0.19,0.12,3.65,6.47,0.38,,10.00,1019.00,탐구8호
서해,307,07,307-07,36.925,125,2025-10-16,30,11.70,32.68,6.18,,,,,,,10.00,1019.00,탐구8호
서해,307,07,307-07,36.925,125,2025-10-16,50,11.59,32.63,6.20,0.67,0.07,7.97,13.92,0.19,,10.00,1019.00,탐구8호
서해,307,07,307-07,36.925,125,2025-10-16,75,,,,,,,,,,10.00,1019.00,탐구8호
서해,307,07,307-07,36.925,125,2025-12-09,0,10.64,31.84,6.41,0.35,0.34,4.83,6.02,0.73,,9.00,1028.00,탐구8호
서해,307,07,307-07,36.925,125,2025-12-09,10,10.64,31.84,,,,,,,,9.00,1028.00,탐구8호
서해,307,07,307-07,36.925,125,2025-12-09,20,10.52,31.85,5.85,0.51,0.30,6.37,8.17,0.45,,9.00,1028.00,탐구8호
서해,307,07,307-07,36.925,125,2025-12-09,30,10.10,31.98,,,,,,,,9.00,1028.00,탐구8호
서해,307,07,307-07,36.925,125,2025-12-09,50,8.98,32.37,4.72,0.84,0.14,9.43,14.37,0.24,,9.00,1028.00,탐구8호
서해,307,07,307-07,36.925,125,2025-12-09,75,,,,,,,,,,9.00,1028.00,탐구8호
서해,307,07,307-07,36.925,125,2026-02-03,0,7.27,32.27,,,,,,,,,,
서해,307,07,307-07,36.925,125,2026-02-03,10,7.23,32.27,,,,,,,,,,
서해,307,07,307-07,36.925,125,2026-02-03,20,7.08,32.28,,,,,,,,,,
서해,307,07,307-07,36.925,125,2026-02-03,30,7.07,32.28,,,,,,,,,,
서해,307,07,307-07,36.925,125,2026-02-03,50,7.06,32.29,,,,,,,,,,
서해,307,07,307-07,36.925,125,2026-02-03,75,,,,,,,,,,,,
서해,307,07,307-07,36.925,125,2026-02-03,100,,,,,,,,,,,,
서해,307,07,307-07,36.925,125,2026-02-03,125,,,,,,,,,,,,
서해,307,07,307-07,36.925,125,2026-02-03,150,,,,,,,,,,,,
서해,307,07,307-07,36.925,125,2026-02-03,200,,,,,,,,,,,,
서해,307,07,307-07,36.925,125,2026-02-03,250,,,,,,,,,,,,
서해,307,07,307-07,36.925,125,2026-02-03,300,,,,,,,,,,,,
서해,307,07,307-07,36.925,125,2026-02-03,400,,,,,,,,,,,,
서해,307,07,307-07,36.925,125,2026-02-03,500,,,,,,,,,,,,
서해,307,07,307-07,36.925,125,2026-04-15,0,11.18,32.12,,,,,,,,,,
서해,307,07,307-07,36.925,125,2026-04-15,10,8.69,32.17,,,,,,,,,,
서해,307,07,307-07,36.925,125,2026-04-15,20,6.88,32.21,,,,,,,,,,
서해,307,07,307-07,36.925,125,2026-04-15,30,6.79,32.20,,,,,,,,,,
서해,307,07,307-07,36.925,125,2026-04-15,50,6.79,32.19,,,,,,,,,,
서해,307,07,307-07,36.925,125,2026-06-11,0,19.43,31.67,,,,,,,,,,
서해,307,07,307-07,36.925,125,2026-06-11,10,16.73,31.82,,,,,,,,,,
서해,307,07,307-07,36.925,125,2026-06-11,20,7.92,32.06,,,,,,,,,,
서해,307,07,307-07,36.925,125,2026-06-11,30,7.71,32.05,,,,,,,,,,
서해,307,07,307-07,36.925,125,2026-06-11,50,7.72,32.04,,,,,,,,,,
서해,307,07,307-07,36.925,125,2026-08-14,0,28.32,31.69,,,,,,,,,,
서해,307,07,307-07,36.925,125,2026-08-14,10,28.15,31.72,,,,,,,,,,
서해,307,07,307-07,36.925,125,2026-08-14,20,24.57,31.95,,,,,,,,,,
서해,307,07,307-07,36.925,125,2026-08-14,30,19.00,31.97,,,,,,,,,,
서해,307,07,307-07,36.925,125,2026-08-14,50,10.70,32.11,,,,,,,,,,
서해,307,08,307-08,36.925,124.7917,2025-10-16,0,22.56,30.98,5.06,,,,,,,,1019.00,탐구8호
서해,307,08,307-08,36.925,124.7917,2025-10-16,10,22.56,30.98,5.06,,,,,,,,1019.00,탐구8호
서해,307,08,307-08,36.925,124.7917,2025-10-16,20,17.76,32.33,5.49,,,,,,,,1019.00,탐구8호
서해,307,08,307-08,36.925,124.7917,2025-10-16,30,10.78,32.67,6.30,,,,,,,,1019.00,탐구8호
서해,307,08,307-08,36.925,124.7917,2025-10-16,50,10.78,32.62,6.30,,,,,,,,1019.00,탐구8호
서해,307,08,307-08,36.925,124.7917,2025-10-16,75,,,,,,,,,,,1019.00,탐구8호
서해,307,08,307-08,36.925,124.7917,2025-12-09,0,11.61,31.81,,,,,,,,14.50,1028.00,탐구8호
서해,307,08,307-08,36.925,124.7917,2025-12-09,10,11.59,31.81,,,,,,,,14.50,1028.00,탐구8호
서해,307,08,307-08,36.925,124.7917,2025-12-09,20,11.56,31.81,,,,,,,,14.50,1028.00,탐구8호
서해,307,08,307-08,36.925,124.7917,2025-12-09,30,11.54,31.80,,,,,,,,14.50,1028.00,탐구8호
서해,307,08,307-08,36.925,124.7917,2025-12-09,50,9.17,32.75,,,,,,,,14.50,1028.00,탐구8호
서해,307,08,307-08,36.925,124.7917,2025-12-09,75,,,,,,,,,,14.50,1028.00,탐구8호
서해,307,08,307-08,36.925,124.7917,2026-02-03,0,7.43,32.25,,,,,,,,,,
서해,307,08,307-08,36.925,124.7917,2026-02-03,10,7.42,32.25,,,,,,,,,,
서해,307,08,307-08,36.925,124.7917,2026-02-03,20,7.26,32.25,,,,,,,,,,
서해,307,08,307-08,36.925,124.7917,2026-02-03,30,7.23,32.25,,,,,,,,,,
서해,307,08,307-08,36.925,124.7917,2026-02-03,50,7.23,32.25,,,,,,,,,,
서해,307,08,307-08,36.925,124.7917,2026-02-03,75,7.12,32.30,,,,,,,,,,
서해,307,08,307-08,36.925,124.7917,2026-02-03,100,,,,,,,,,,,,
서해,307,08,307-08,36.925,124.7917,2026-02-03,125,,,,,,,,,,,,
서해,307,08,307-08,36.925,124.7917,2026-02-03,150,,,,,,,,,,,,
서해,307,08,307-08,36.925,124.7917,2026-02-03,200,,,,,,,,,,,,
서해,307,08,307-08,36.925,124.7917,2026-02-03,250,,,,,,,,,,,,
서해,307,08,307-08,36.925,124.7917,2026-02-03,300,,,,,,,,,,,,
서해,307,08,307-08,36.925,124.7917,2026-02-03,400,,,,,,,,,,,,
서해,307,08,307-08,36.925,124.7917,2026-02-03,500,,,,,,,,,,,,
서해,307,08,307-08,36.925,124.7917,2026-04-15,0,10.77,32.14,,,,,,,,,,
서해,307,08,307-08,36.925,124.7917,2026-04-15,10,9.73,32.98,,,,,,,,,,
서해,307,08,307-08,36.925,124.7917,2026-04-15,20,8.19,32.43,,,,,,,,,,
서해,307,08,307-08,36.925,124.7917,2026-04-15,30,6.74,32.20,,,,,,,,,,
서해,307,08,307-08,36.925,124.7917,2026-04-15,50,6.71,32.19,,,,,,,,,,
서해,307,08,307-08,36.925,124.7917,2026-06-11,0,19.65,31.64,,,,,,,,,,
서해,307,08,307-08,36.925,124.7917,2026-06-11,10,15.20,32.24,,,,,,,,,,
서해,307,08,307-08,36.925,124.7917,2026-06-11,20,10.87,32.38,,,,,,,,,,
서해,307,08,307-08,36.925,124.7917,2026-06-11,30,7.99,32.24,,,,,,,,,,
서해,307,08,307-08,36.925,124.7917,2026-06-11,50,8.00,32.22,,,,,,,,,,
서해,307,08,307-08,36.925,124.7917,2026-08-14,0,28.21,31.19,,,,,,,,,,
서해,307,08,307-08,36.925,124.7917,2026-08-14,10,28.25,31.20,,,,,,,,,,
서해,307,08,307-08,36.925,124.7917,2026-08-14,20,21.87,32.02,,,,,,,,,,
서해,307,08,307-08,36.925,124.7917,2026-08-14,30,11.65,32.19,,,,,,,,,,
서해,307,08,307-08,36.925,124.7917,2026-08-14,50,8.50,32.21,,,,,,,,,,
서해,307,09,307-09,36.925,124.58,2025-10-16,0,22.32,30.95,5.08,0.02,0.02,0.95,1.11,0.22,,10.50,1019.00,탐구8호
서해,307,09,307-09,36.925,124.58,2025-10-16,10,22.31,30.95,5.08,,,,,,,10.50,1019.00,탐구8호
서해,307,09,307-09,36.925,124.58,2025-10-16,20,15.57,32.59,5.71,0.11,0.14,2.13,5.61,0.29,,10.50,1019.00,탐구8호
서해,307,09,307-09,36.925,124.58,2025-10-16,30,9.44,32.57,6.49,,,,,,,10.50,1019.00,탐구8호
서해,307,09,307-09,36.925,124.58,2025-10-16,50,7.77,32.52,6.74,0.87,0.06,9.54,15.65,0.12,,10.50,1019.00,탐구8호
서해,307,09,307-09,36.925,124.58,2025-10-16,75,7.72,32.50,,,,,,,,10.50,1019.00,탐구8호
서해,307,09,307-09,36.925,124.58,2025-12-09,0,12.57,31.45,6.33,0.20,0.72,2.91,5.43,0.57,,,1028.00,탐구8호
서해,307,09,307-09,36.925,124.58,2025-12-09,10,12.54,31.45,,,,,,,,,1028.00,탐구8호
서해,307,09,307-09,36.925,124.58,2025-12-09,20,11.80,31.60,6.36,0.23,0.64,3.41,5.89,0.45,,,1028.00,탐구8호
서해,307,09,307-09,36.925,124.58,2025-12-09,30,11.43,31.68,,,,,,,,,1028.00,탐구8호
서해,307,09,307-09,36.925,124.58,2025-12-09,50,9.73,33.06,3.60,1.09,0.11,11.73,22.52,0.07,,,1028.00,탐구8호
서해,307,09,307-09,36.925,124.58,2025-12-09,75,9.72,33.06,,,,,,,,,1028.00,탐구8호
서해,307,09,307-09,36.925,124.58,2026-02-03,0,7.50,32.22,,,,,,,,,,
서해,307,09,307-09,36.925,124.58,2026-02-03,10,7.50,32.22,,,,,,,,,,
서해,307,09,307-09,36.925,124.58,2026-02-03,20,7.49,32.23,,,,,,,,,,
서해,307,09,307-09,36.925,124.58,2026-02-03,30,7.50,32.23,,,,,,,,,,
서해,307,09,307-09,36.925,124.58,2026-02-03,50,7.50,32.24,,,,,,,,,,
서해,307,09,307-09,36.925,124.58,2026-02-03,75,7.41,32.23,,,,,,,,,,
서해,307,09,307-09,36.925,124.58,2026-02-03,100,,,,,,,,,,,,
서해,307,09,307-09,36.925,124.58,2026-02-03,125,,,,,,,,,,,,
서해,307,09,307-09,36.925,124.58,2026-02-03,150,,,,,,,,,,,,
서해,307,09,307-09,36.925,124.58,2026-02-03,200,,,,,,,,,,,,
서해,307,09,307-09,36.925,124.58,2026-02-03,250,,,,,,,,,,,,
서해,307,09,307-09,36.925,124.58,2026-02-03,300,,,,,,,,,,,,
서해,307,09,307-09,36.925,124.58,2026-02-03,400,,,,,,,,,,,,
서해,307,09,307-09,36.925,124.58,2026-02-03,500,,,,,,,,,,,,
서해,307,09,307-09,36.925,124.58,2026-04-15,0,10.99,32.15,,,,,,,,,,
서해,307,09,307-09,36.925,124.58,2026-04-15,10,9.98,32.19,,,,,,,,,,
서해,307,09,307-09,36.925,124.58,2026-04-15,20,7.61,32.21,,,,,,,,,,
서해,307,09,307-09,36.925,124.58,2026-04-15,30,7.47,32.19,,,,,,,,,,
서해,307,09,307-09,36.925,124.58,2026-04-15,50,7.26,32.19,,,,,,,,,,
서해,307,09,307-09,36.925,124.58,2026-06-11,0,20.14,31.74,,,,,,,,,,
서해,307,09,307-09,36.925,124.58,2026-06-11,10,19.77,31.87,,,,,,,,,,
서해,307,09,307-09,36.925,124.58,2026-06-11,20,14.48,32.39,,,,,,,,,,
서해,307,09,307-09,36.925,124.58,2026-06-11,30,9.40,32.47,,,,,,,,,,
서해,307,09,307-09,36.925,124.58,2026-06-11,50,8.67,32.46,,,,,,,,,,
서해,307,09,307-09,36.925,124.58,2026-08-14,0,28.08,31.29,,,,,,,,,,
서해,307,09,307-09,36.925,124.58,2026-08-14,10,28.05,31.35,,,,,,,,,,
서해,307,09,307-09,36.925,124.58,2026-08-14,20,13.33,32.31,,,,,,,,,,
서해,307,09,307-09,36.925,124.58,2026-08-14,30,8.43,32.42,,,,,,,,,,
서해,307,09,307-09,36.925,124.58,2026-08-14,50,8.43,32.36,,,,,,,,,,
서해,307,10,307-10,36.925,124.3717,2025-10-16,0,22.24,30.87,5.09,,,,,,,,1021.00,탐구8호
서해,307,10,307-10,36.925,124.3717,2025-10-16,10,22.24,30.87,5.09,,,,,,,,1021.00,탐구8호
서해,307,10,307-10,36.925,124.3717,2025-10-16,20,15.54,32.70,5.71,,,,,,,,1021.00,탐구8호
서해,307,10,307-10,36.925,124.3717,2025-10-16,30,10.09,32.64,6.40,,,,,,,,1021.00,탐구8호
서해,307,10,307-10,36.925,124.3717,2025-10-16,50,8.02,32.66,6.70,,,,,,,,1021.00,탐구8호
서해,307,10,307-10,36.925,124.3717,2025-10-16,75,8.25,32.72,,,,,,,,,1021.00,탐구8호
서해,307,10,307-10,36.925,124.3717,2025-12-09,0,11.92,31.74,,,,,,,,,1028.00,탐구8호
서해,307,10,307-10,36.925,124.3717,2025-12-09,10,11.93,31.74,,,,,,,,,1028.00,탐구8호
서해,307,10,307-10,36.925,124.3717,2025-12-09,20,12.05,31.81,,,,,,,,,1028.00,탐구8호
서해,307,10,307-10,36.925,124.3717,2025-12-09,30,12.05,31.81,,,,,,,,,1028.00,탐구8호
서해,307,10,307-10,36.925,124.3717,2025-12-09,50,9.93,33.11,,,,,,,,,1028.00,탐구8호
서해,307,10,307-10,36.925,124.3717,2025-12-09,75,10.02,33.22,,,,,,,,,1028.00,탐구8호
서해,307,10,307-10,36.925,124.3717,2026-02-03,0,7.53,32.08,,,,,,,,,,
서해,307,10,307-10,36.925,124.3717,2026-02-03,10,7.53,32.07,,,,,,,,,,
서해,307,10,307-10,36.925,124.3717,2026-02-03,20,7.50,32.08,,,,,,,,,,
서해,307,10,307-10,36.925,124.3717,2026-02-03,30,7.47,32.09,,,,,,,,,,
서해,307,10,307-10,36.925,124.3717,2026-02-03,50,7.43,32.13,,,,,,,,,,
서해,307,10,307-10,36.925,124.3717,2026-02-03,75,7.42,32.13,,,,,,,,,,
서해,307,10,307-10,36.925,124.3717,2026-02-03,100,,,,,,,,,,,,
서해,307,10,307-10,36.925,124.3717,2026-02-03,125,,,,,,,,,,,,
서해,307,10,307-10,36.925,124.3717,2026-02-03,150,,,,,,,,,,,,
서해,307,10,307-10,36.925,124.3717,2026-02-03,200,,,,,,,,,,,,
서해,307,10,307-10,36.925,124.3717,2026-02-03,250,,,,,,,,,,,,
서해,307,10,307-10,36.925,124.3717,2026-02-03,300,,,,,,,,,,,,
서해,307,10,307-10,36.925,124.3717,2026-02-03,400,,,,,,,,,,,,
서해,307,10,307-10,36.925,124.3717,2026-02-03,500,,,,,,,,,,,,
서해,307,10,307-10,36.925,124.3717,2026-04-15,0,11.30,32.16,,,,,,,,,,
서해,307,10,307-10,36.925,124.3717,2026-04-15,10,10.00,32.20,,,,,,,,,,
서해,307,10,307-10,36.925,124.3717,2026-04-15,20,9.30,32.18,,,,,,,,,,
서해,307,10,307-10,36.925,124.3717,2026-04-15,30,7.78,32.23,,,,,,,,,,
서해,307,10,307-10,36.925,124.3717,2026-04-15,50,7.78,32.23,,,,,,,,,,
서해,307,10,307-10,36.925,124.3717,2026-06-11,0,20.25,31.65,,,,,,,,,,
서해,307,10,307-10,36.925,124.3717,2026-06-11,10,18.99,31.82,,,,,,,,,,
서해,307,10,307-10,36.925,124.3717,2026-06-11,20,14.13,32.41,,,,,,,,,,
서해,307,10,307-10,36.925,124.3717,2026-06-11,30,10.99,32.58,,,,,,,,,,
서해,307,10,307-10,36.925,124.3717,2026-06-11,50,8.87,32.56,,,,,,,,,,
서해,307,10,307-10,36.925,124.3717,2026-08-14,0,28.06,31.20,,,,,,,,,,
서해,307,10,307-10,36.925,124.3717,2026-08-14,10,27.92,31.23,,,,,,,,,,
서해,307,10,307-10,36.925,124.3717,2026-08-14,20,16.72,31.99,,,,,,,,,,
서해,307,10,307-10,36.925,124.3717,2026-08-14,30,8.83,32.45,,,,,,,,,,
서해,307,10,307-10,36.925,124.3717,2026-08-14,50,8.84,32.40,,,,,,,,,,
서해,308,01,308-01,36.33,126.24,2025-10-17,0,22.15,30.80,5.10,0.23,1.52,1.97,8.17,2.28,,6.50,1021.00,탐구8호
서해,308,01,308-01,36.33,126.24,2025-10-17,10,22.10,30.81,5.11,,,,,,,6.50,1021.00,탐구8호
서해,308,01,308-01,36.33,126.24,2025-10-17,20,22.01,30.96,4.96,0.23,1.34,1.94,7.95,1.79,,6.50,1021.00,탐구8호
서해,308,01,308-01,36.33,126.24,2025-10-17,30,,,,,,,,,,6.50,1021.00,탐구8호
서해,308,01,308-01,36.33,126.24,2025-10-17,50,,,,,,,,,,6.50,1021.00,탐구8호
서해,308,01,308-01,36.33,126.24,2025-10-17,75,,,,,,,,,,6.50,1021.00,탐구8호
서해,308,01,308-01,36.33,126.24,2025-12-10,0,11.90,32.13,6.30,0.54,0.51,7.54,10.13,0.77,,3.00,1025.00,탐구8호
서해,308,01,308-01,36.33,126.24,2025-12-10,10,11.83,32.13,,,,,,,,3.00,1025.00,탐구8호
서해,308,01,308-01,36.33,126.24,2025-12-10,20,11.75,32.13,6.35,0.55,0.52,7.32,10.11,0.56,,3.00,1025.00,탐구8호
서해,308,01,308-01,36.33,126.24,2025-12-10,30,,,,,,,,,,3.00,1025.00,탐구8호
서해,308,01,308-01,36.33,126.24,2025-12-10,50,,,,,,,,,,3.00,1025.00,탐구8호
서해,308,01,308-01,36.33,126.24,2025-12-10,75,,,,,,,,,,3.00,1025.00,탐구8호
서해,308,01,308-01,36.33,126.24,2026-02-04,0,4.81,31.77,,,,,,,,,,
서해,308,01,308-01,36.33,126.24,2026-02-04,10,4.74,31.77,,,,,,,,,,
서해,308,01,308-01,36.33,126.24,2026-02-04,20,,,,,,,,,,,,
서해,308,01,308-01,36.33,126.24,2026-02-04,30,,,,,,,,,,,,
서해,308,01,308-01,36.33,126.24,2026-02-04,50,,,,,,,,,,,,
서해,308,01,308-01,36.33,126.24,2026-02-04,75,,,,,,,,,,,,
서해,308,01,308-01,36.33,126.24,2026-02-04,100,,,,,,,,,,,,
서해,308,01,308-01,36.33,126.24,2026-02-04,125,,,,,,,,,,,,
서해,308,01,308-01,36.33,126.24,2026-02-04,150,,,,,,,,,,,,
서해,308,01,308-01,36.33,126.24,2026-02-04,200,,,,,,,,,,,,
서해,308,01,308-01,36.33,126.24,2026-02-04,250,,,,,,,,,,,,
서해,308,01,308-01,36.33,126.24,2026-02-04,300,,,,,,,,,,,,
서해,308,01,308-01,36.33,126.24,2026-02-04,400,,,,,,,,,,,,
서해,308,01,308-01,36.33,126.24,2026-02-04,500,,,,,,,,,,,,
서해,308,01,308-01,36.33,126.24,2026-04-16,0,9.52,31.82,,,,,,,,,,
서해,308,01,308-01,36.33,126.24,2026-04-16,10,9.42,31.83,,,,,,,,,,
서해,308,01,308-01,36.33,126.24,2026-06-12,0,16.77,31.73,,,,,,,,,,
서해,308,01,308-01,36.33,126.24,2026-06-12,10,16.41,31.74,,,,,,,,,,
서해,308,01,308-01,36.33,126.24,2026-08-15,0,23.93,31.67,,,,,,,,,,
서해,308,01,308-01,36.33,126.24,2026-08-15,10,23.54,31.69,,,,,,,,,,
서해,308,02,308-02,36.33,126.0383,2025-10-17,0,21.86,30.95,5.12,,,,,,,9.50,1022.00,탐구8호
서해,308,02,308-02,36.33,126.0383,2025-10-17,10,21.85,30.96,5.12,,,,,,,9.50,1022.00,탐구8호
서해,308,02,308-02,36.33,126.0383,2025-10-17,20,20.97,31.34,5.19,,,,,,,9.50,1022.00,탐구8호
서해,308,02,308-02,36.33,126.0383,2025-10-17,30,,,,,,,,,,9.50,1022.00,탐구8호
서해,308,02,308-02,36.33,126.0383,2025-10-17,50,,,,,,,,,,9.50,1022.00,탐구8호
서해,308,02,308-02,36.33,126.0383,2025-10-17,75,,,,,,,,,,9.50,1022.00,탐구8호
서해,308,02,308-02,36.33,126.0383,2025-12-10,0,12.35,32.16,,,,,,,,3.00,1025.00,탐구8호
서해,308,02,308-02,36.33,126.0383,2025-12-10,10,12.34,32.16,,,,,,,,3.00,1025.00,탐구8호
서해,308,02,308-02,36.33,126.0383,2025-12-10,20,12.26,32.16,,,,,,,,3.00,1025.00,탐구8호
서해,308,02,308-02,36.33,126.0383,2025-12-10,30,,,,,,,,,,3.00,1025.00,탐구8호
서해,308,02,308-02,36.33,126.0383,2025-12-10,50,,,,,,,,,,3.00,1025.00,탐구8호
서해,308,02,308-02,36.33,126.0383,2025-12-10,75,,,,,,,,,,3.00,1025.00,탐구8호
서해,308,02,308-02,36.33,126.0383,2026-02-04,0,5.19,31.88,,,,,,,,,,
서해,308,02,308-02,36.33,126.0383,2026-02-04,10,5.19,31.87,,,,,,,,,,
서해,308,02,308-02,36.33,126.0383,2026-02-04,20,5.17,31.88,,,,,,,,,,
서해,308,02,308-02,36.33,126.0383,2026-02-04,30,,,,,,,,,,,,
서해,308,02,308-02,36.33,126.0383,2026-02-04,50,,,,,,,,,,,,
서해,308,02,308-02,36.33,126.0383,2026-02-04,75,,,,,,,,,,,,
서해,308,02,308-02,36.33,126.0383,2026-02-04,100,,,,,,,,,,,,
서해,308,02,308-02,36.33,126.0383,2026-02-04,125,,,,,,,,,,,,
서해,308,02,308-02,36.33,126.0383,2026-02-04,150,,,,,,,,,,,,
서해,308,02,308-02,36.33,126.0383,2026-02-04,200,,,,,,,,,,,,
서해,308,02,308-02,36.33,126.0383,2026-02-04,250,,,,,,,,,,,,
서해,308,02,308-02,36.33,126.0383,2026-02-04,300,,,,,,,,,,,,
서해,308,02,308-02,36.33,126.0383,2026-02-04,400,,,,,,,,,,,,
서해,308,02,308-02,36.33,126.0383,2026-02-04,500,,,,,,,,,,,,
서해,308,02,308-02,36.33,126.0383,2026-04-16,0,10.26,31.88,,,,,,,,,,
서해,308,02,308-02,36.33,126.0383,2026-04-16,10,8.18,31.94,,,,,,,,,,
서해,308,02,308-02,36.33,126.0383,2026-04-16,20,8.04,31.92,,,,,,,,,,
서해,308,02,308-02,36.33,126.0383,2026-06-12,0,15.38,31.78,,,,,,,,,,
서해,308,02,308-02,36.33,126.0383,2026-06-12,10,13.67,31.89,,,,,,,,,,
서해,308,02,308-02,36.33,126.0383,2026-06-12,20,12.12,31.97,,,,,,,,,,
서해,308,02,308-02,36.33,126.0383,2026-08-15,0,24.19,31.75,,,,,,,,,,
서해,308,02,308-02,36.33,126.0383,2026-08-15,10,22.58,31.84,,,,,,,,,,
서해,308,02,308-02,36.33,126.0383,2026-08-15,20,20.78,31.91,,,,,,,,,,
서해,308,03,308-03,36.33,125.833,2025-10-17,0,21.26,31.16,5.17,0.15,0.16,2.29,5.25,1.83,,8.00,1020.00,탐구8호
서해,308,03,308-03,36.33,125.833,2025-10-17,10,21.26,31.17,5.17,,,,,,,8.00,1020.00,탐구8호
서해,308,03,308-03,36.33,125.833,2025-10-17,20,20.59,31.58,5.22,0.08,0.11,0.93,4.03,2.08,,8.00,1020.00,탐구8호
서해,308,03,308-03,36.33,125.833,2025-10-17,30,18.83,32.03,5.38,,,,,,,8.00,1020.00,탐구8호
서해,308,03,308-03,36.33,125.833,2025-10-17,50,,,,,,,,,,8.00,1020.00,탐구8호
서해,308,03,308-03,36.33,125.833,2025-10-17,75,,,,,,,,,,8.00,1020.00,탐구8호
서해,308,03,308-03,36.33,125.833,2025-12-10,0,12.26,32.35,6.08,0.55,0.72,6.55,11.19,0.44,,6.50,1025.00,탐구8호
서해,308,03,308-03,36.33,125.833,2025-12-10,10,12.24,32.35,,,,,,,,6.50,1025.00,탐구8호
서해,308,03,308-03,36.33,125.833,2025-12-10,20,12.23,32.35,5.95,0.55,0.71,6.65,11.26,0.43,,6.50,1025.00,탐구8호
서해,308,03,308-03,36.33,125.833,2025-12-10,30,12.22,32.35,,,,,,,,6.50,1025.00,탐구8호
서해,308,03,308-03,36.33,125.833,2025-12-10,50,,,,,,,,,,6.50,1025.00,탐구8호
서해,308,03,308-03,36.33,125.833,2025-12-10,75,,,,,,,,,,6.50,1025.00,탐구8호
서해,308,03,308-03,36.33,125.833,2026-02-04,0,5.69,32.08,,,,,,,,,,
서해,308,03,308-03,36.33,125.833,2026-02-04,10,5.69,32.08,,,,,,,,,,
서해,308,03,308-03,36.33,125.833,2026-02-04,20,5.67,32.08,,,,,,,,,,
서해,308,03,308-03,36.33,125.833,2026-02-04,30,5.65,32.08,,,,,,,,,,
서해,308,03,308-03,36.33,125.833,2026-02-04,50,,,,,,,,,,,,
서해,308,03,308-03,36.33,125.833,2026-02-04,75,,,,,,,,,,,,
서해,308,03,308-03,36.33,125.833,2026-02-04,100,,,,,,,,,,,,
서해,308,03,308-03,36.33,125.833,2026-02-04,125,,,,,,,,,,,,
서해,308,03,308-03,36.33,125.833,2026-02-04,150,,,,,,,,,,,,
서해,308,03,308-03,36.33,125.833,2026-02-04,200,,,,,,,,,,,,
서해,308,03,308-03,36.33,125.833,2026-02-04,250,,,,,,,,,,,,
서해,308,03,308-03,36.33,125.833,2026-02-04,300,,,,,,,,,,,,
서해,308,03,308-03,36.33,125.833,2026-02-04,400,,,,,,,,,,,,
서해,308,03,308-03,36.33,125.833,2026-02-04,500,,,,,,,,,,,,
서해,308,03,308-03,36.33,125.833,2026-04-16,0,8.08,32.14,,,,,,,,,,
서해,308,03,308-03,36.33,125.833,2026-04-16,10,7.48,32.09,,,,,,,,,,
서해,308,03,308-03,36.33,125.833,2026-04-16,20,7.12,32.07,,,,,,,,,,
서해,308,03,308-03,36.33,125.833,2026-04-16,30,7.11,32.07,,,,,,,,,,
서해,308,03,308-03,36.33,125.833,2026-06-12,0,19.62,31.86,,,,,,,,,,
서해,308,03,308-03,36.33,125.833,2026-06-12,10,18.33,31.81,,,,,,,,,,
서해,308,03,308-03,36.33,125.833,2026-06-12,20,11.92,32.16,,,,,,,,,,
서해,308,03,308-03,36.33,125.833,2026-06-12,30,8.83,32.21,,,,,,,,,,
서해,308,03,308-03,36.33,125.833,2026-08-15,0,27.10,31.73,,,,,,,,,,
서해,308,03,308-03,36.33,125.833,2026-08-15,10,25.54,31.74,,,,,,,,,,
서해,308,03,308-03,36.33,125.833,2026-08-15,20,22.65,31.87,,,,,,,,,,
서해,308,03,308-03,36.33,125.833,2026-08-15,30,15.94,32.30,,,,,,,,,,
서해,308,04,308-04,36.33,125.6167,2025-10-17,0,22.71,31.40,5.03,,,,,,,7.00,1022.00,탐구8호
서해,308,04,308-04,36.33,125.6167,2025-10-17,10,22.71,31.40,5.03,,,,,,,7.00,1022.00,탐구8호
서해,308,04,308-04,36.33,125.6167,2025-10-17,20,22.71,31.43,5.03,,,,,,,7.00,1022.00,탐구8호
서해,308,04,308-04,36.33,125.6167,2025-10-17,30,18.26,32.31,5.43,,,,,,,7.00,1022.00,탐구8호
서해,308,04,308-04,36.33,125.6167,2025-10-17,50,,,,,,,,,,7.00,1022.00,탐구8호
서해,308,04,308-04,36.33,125.6167,2025-10-17,75,,,,,,,,,,7.00,1022.00,탐구8호
서해,308,04,308-04,36.33,125.6167,2025-12-10,0,11.59,32.38,,,,,,,,6.00,1025.00,탐구8호
서해,308,04,308-04,36.33,125.6167,2025-12-10,10,11.56,32.38,,,,,,,,6.00,1025.00,탐구8호
서해,308,04,308-04,36.33,125.6167,2025-12-10,20,11.55,32.38,,,,,,,,6.00,1025.00,탐구8호
서해,308,04,308-04,36.33,125.6167,2025-12-10,30,11.55,32.38,,,,,,,,6.00,1025.00,탐구8호
서해,308,04,308-04,36.33,125.6167,2025-12-10,50,11.54,32.38,,,,,,,,6.00,1025.00,탐구8호
서해,308,04,308-04,36.33,125.6167,2025-12-10,75,,,,,,,,,,6.00,1025.00,탐구8호
서해,308,04,308-04,36.33,125.6167,2026-02-04,0,5.63,32.11,,,,,,,,,,
서해,308,04,308-04,36.33,125.6167,2026-02-04,10,5.63,32.11,,,,,,,,,,
서해,308,04,308-04,36.33,125.6167,2026-02-04,20,5.62,32.12,,,,,,,,,,
서해,308,04,308-04,36.33,125.6167,2026-02-04,30,5.64,32.13,,,,,,,,,,
서해,308,04,308-04,36.33,125.6167,2026-02-04,50,5.66,32.13,,,,,,,,,,
서해,308,04,308-04,36.33,125.6167,2026-02-04,75,,,,,,,,,,,,
서해,308,04,308-04,36.33,125.6167,2026-02-04,100,,,,,,,,,,,,
서해,308,04,308-04,36.33,125.6167,2026-02-04,125,,,,,,,,,,,,
서해,308,04,308-04,36.33,125.6167,2026-02-04,150,,,,,,,,,,,,
서해,308,04,308-04,36.33,125.6167,2026-02-04,200,,,,,,,,,,,,
서해,308,04,308-04,36.33,125.6167,2026-02-04,250,,,,,,,,,,,,
서해,308,04,308-04,36.33,125.6167,2026-02-04,300,,,,,,,,,,,,
서해,308,04,308-04,36.33,125.6167,2026-02-04,400,,,,,,,,,,,,
서해,308,04,308-04,36.33,125.6167,2026-02-04,500,,,,,,,,,,,,
서해,308,04,308-04,36.33,125.6167,2026-04-16,0,9.10,32.08,,,,,,,,,,
서해,308,04,308-04,36.33,125.6167,2026-04-16,10,8.41,32.08,,,,,,,,,,
서해,308,04,308-04,36.33,125.6167,2026-04-16,20,6.88,32.18,,,,,,,,,,
서해,308,04,308-04,36.33,125.6167,2026-04-16,30,6.67,32.18,,,,,,,,,,
서해,308,04,308-04,36.33,125.6167,2026-06-12,0,18.64,31.86,,,,,,,,,,
서해,308,04,308-04,36.33,125.6167,2026-06-12,10,15.68,32.01,,,,,,,,,,
서해,308,04,308-04,36.33,125.6167,2026-06-12,20,9.70,32.19,,,,,,,,,,
서해,308,04,308-04,36.33,125.6167,2026-06-12,30,7.63,32.18,,,,,,,,,,
서해,308,04,308-04,36.33,125.6167,2026-08-15,0,28.36,31.41,,,,,,,,,,
서해,308,04,308-04,36.33,125.6167,2026-08-15,10,27.47,31.51,,,,,,,,,,
서해,308,04,308-04,36.33,125.6167,2026-08-15,20,22.68,32.05,,,,,,,,,,
서해,308,04,308-04,36.33,125.6167,2026-08-15,30,12.36,32.35,,,,,,,,,,
서해,308,05,308-05,36.33,125.4217,2025-10-17,0,22.90,31.15,5.02,0.01,0.04,1.25,3.22,0.22,,8.00,1022.00,탐구8호
서해,308,05,308-05,36.33,125.4217,2025-10-17,10,22.90,31.15,5.02,,,,,,,8.00,1022.00,탐구8호
서해,308,05,308-05,36.33,125.4217,2025-10-17,20,20.65,32.03,5.20,0.50,0.21,8.58,11.89,0.19,,8.00,1022.00,탐구8호
서해,308,05,308-05,36.33,125.4217,2025-10-17,30,14.14,32.59,5.88,,,,,,,8.00,1022.00,탐구8호
서해,308,05,308-05,36.33,125.4217,2025-10-17,50,12.96,32.58,6.02,0.70,0.14,9.33,14.50,0.14,,8.00,1022.00,탐구8호
서해,308,05,308-05,36.33,125.4217,2025-10-17,75,,,,,,,,,,8.00,1022.00,탐구8호
서해,308,05,308-05,36.33,125.4217,2025-12-10,0,11.67,32.20,6.27,0.22,0.21,3.40,6.28,0.68,,12.00,1025.00,탐구8호
서해,308,05,308-05,36.33,125.4217,2025-12-10,10,11.66,32.20,,,,,,,,12.00,1025.00,탐구8호
서해,308,05,308-05,36.33,125.4217,2025-12-10,20,11.63,32.20,6.11,0.35,0.25,4.81,8.58,0.58,,12.00,1025.00,탐구8호
서해,308,05,308-05,36.33,125.4217,2025-12-10,30,11.43,32.29,,,,,,,,12.00,1025.00,탐구8호
서해,308,05,308-05,36.33,125.4217,2025-12-10,50,11.19,32.37,5.55,0.61,0.26,7.56,12.39,0.29,,12.00,1025.00,탐구8호
서해,308,05,308-05,36.33,125.4217,2025-12-10,75,,,,,,,,,,12.00,1025.00,탐구8호
서해,308,05,308-05,36.33,125.4217,2026-02-04,0,6.41,32.27,,,,,,,,,,
서해,308,05,308-05,36.33,125.4217,2026-02-04,10,6.40,32.27,,,,,,,,,,
서해,308,05,308-05,36.33,125.4217,2026-02-04,20,6.38,32.27,,,,,,,,,,
서해,308,05,308-05,36.33,125.4217,2026-02-04,30,6.37,32.27,,,,,,,,,,
서해,308,05,308-05,36.33,125.4217,2026-02-04,50,6.36,32.27,,,,,,,,,,
서해,308,05,308-05,36.33,125.4217,2026-02-04,75,,,,,,,,,,,,
서해,308,05,308-05,36.33,125.4217,2026-02-04,100,,,,,,,,,,,,
서해,308,05,308-05,36.33,125.4217,2026-02-04,125,,,,,,,,,,,,
서해,308,05,308-05,36.33,125.4217,2026-02-04,150,,,,,,,,,,,,
서해,308,05,308-05,36.33,125.4217,2026-02-04,200,,,,,,,,,,,,
서해,308,05,308-05,36.33,125.4217,2026-02-04,250,,,,,,,,,,,,
서해,308,05,308-05,36.33,125.4217,2026-02-04,300,,,,,,,,,,,,
서해,308,05,308-05,36.33,125.4217,2026-02-04,400,,,,,,,,,,,,
서해,308,05,308-05,36.33,125.4217,2026-02-04,500,,,,,,,,,,,,
서해,308,05,308-05,36.33,125.4217,2026-04-16,0,10.69,32.08,,,,,,,,,,
서해,308,05,308-05,36.33,125.4217,2026-04-16,10,8.53,32.04,,,,,,,,,,
서해,308,05,308-05,36.33,125.4217,2026-04-16,20,6.52,32.27,,,,,,,,,,
서해,308,05,308-05,36.33,125.4217,2026-04-16,30,6.51,32.26,,,,,,,,,,
서해,308,05,308-05,36.33,125.4217,2026-04-16,50,6.51,32.26,,,,,,,,,,
서해,308,05,308-05,36.33,125.4217,2026-06-12,0,20.24,31.89,,,,,,,,,,
서해,308,05,308-05,36.33,125.4217,2026-06-12,10,13.21,32.07,,,,,,,,,,
서해,308,05,308-05,36.33,125.4217,2026-06-12,20,8.32,32.17,,,,,,,,,,
서해,308,05,308-05,36.33,125.4217,2026-06-12,30,7.15,32.14,,,,,,,,,,
서해,308,05,308-05,36.33,125.4217,2026-06-12,50,7.06,32.13,,,,,,,,,,
서해,308,05,308-05,36.33,125.4217,2026-08-15,0,28.37,31.48,,,,,,,,,,
서해,308,05,308-05,36.33,125.4217,2026-08-15,10,28.34,31.64,,,,,,,,,,
서해,308,05,308-05,36.33,125.4217,2026-08-15,20,20.12,32.20,,,,,,,,,,
서해,308,05,308-05,36.33,125.4217,2026-08-15,30,10.10,32.41,,,,,,,,,,
서해,308,05,308-05,36.33,125.4217,2026-08-15,50,10.02,32.32,,,,,,,,,,
서해,308,06,308-06,36.33,125.2067,2025-10-17,0,22.89,31.12,5.03,,,,,,,,1021.00,탐구8호
서해,308,06,308-06,36.33,125.2067,2025-10-17,10,22.91,31.13,5.02,,,,,,,,1021.00,탐구8호
서해,308,06,308-06,36.33,125.2067,2025-10-17,20,22.91,31.14,5.02,,,,,,,,1021.00,탐구8호
서해,308,06,308-06,36.33,125.2067,2025-10-17,30,14.00,32.80,5.89,,,,,,,,1021.00,탐구8호
서해,308,06,308-06,36.33,125.2067,2025-10-17,50,10.32,32.63,6.37,,,,,,,,1021.00,탐구8호
서해,308,06,308-06,36.33,125.2067,2025-10-17,75,,,,,,,,,,,1021.00,탐구8호
서해,308,06,308-06,36.33,125.2067,2025-12-10,0,11.34,32.20,,,,,,,,14.00,1025.00,탐구8호
서해,308,06,308-06,36.33,125.2067,2025-12-10,10,11.33,32.19,,,,,,,,14.00,1025.00,탐구8호
서해,308,06,308-06,36.33,125.2067,2025-12-10,20,11.36,32.20,,,,,,,,14.00,1025.00,탐구8호
서해,308,06,308-06,36.33,125.2067,2025-12-10,30,11.42,32.23,,,,,,,,14.00,1025.00,탐구8호
서해,308,06,308-06,36.33,125.2067,2025-12-10,50,9.70,32.50,,,,,,,,14.00,1025.00,탐구8호
서해,308,06,308-06,36.33,125.2067,2025-12-10,75,,,,,,,,,,14.00,1025.00,탐구8호
서해,308,06,308-06,36.33,125.2067,2026-02-04,0,6.99,32.31,,,,,,,,,,
서해,308,06,308-06,36.33,125.2067,2026-02-04,10,6.99,32.31,,,,,,,,,,
서해,308,06,308-06,36.33,125.2067,2026-02-04,20,6.98,32.31,,,,,,,,,,
서해,308,06,308-06,36.33,125.2067,2026-02-04,30,6.96,32.31,,,,,,,,,,
서해,308,06,308-06,36.33,125.2067,2026-02-04,50,6.91,32.31,,,,,,,,,,
서해,308,06,308-06,36.33,125.2067,2026-02-04,75,,,,,,,,,,,,
서해,308,06,308-06,36.33,125.2067,2026-02-04,100,,,,,,,,,,,,
서해,308,06,308-06,36.33,125.2067,2026-02-04,125,,,,,,,,,,,,
서해,308,06,308-06,36.33,125.2067,2026-02-04,150,,,,,,,,,,,,
서해,308,06,308-06,36.33,125.2067,2026-02-04,200,,,,,,,,,,,,
서해,308,06,308-06,36.33,125.2067,2026-02-04,250,,,,,,,,,,,,
서해,308,06,308-06,36.33,125.2067,2026-02-04,300,,,,,,,,,,,,
서해,308,06,308-06,36.33,125.2067,2026-02-04,400,,,,,,,,,,,,
서해,308,06,308-06,36.33,125.2067,2026-02-04,500,,,,,,,,,,,,
서해,308,06,308-06,36.33,125.2067,2026-04-16,0,10.40,31.98,,,,,,,,,,
서해,308,06,308-06,36.33,125.2067,2026-04-16,10,9.49,32.14,,,,,,,,,,
서해,308,06,308-06,36.33,125.2067,2026-04-16,20,8.65,32.13,,,,,,,,,,
서해,308,06,308-06,36.33,125.2067,2026-04-16,30,6.59,32.24,,,,,,,,,,
서해,308,06,308-06,36.33,125.2067,2026-04-16,50,6.32,32.22,,,,,,,,,,
서해,308,06,308-06,36.33,125.2067,2026-06-12,0,20.42,31.78,,,,,,,,,,
서해,308,06,308-06,36.33,125.2067,2026-06-12,10,19.35,31.84,,,,,,,,,,
서해,308,06,308-06,36.33,125.2067,2026-06-12,20,8.80,32.23,,,,,,,,,,
서해,308,06,308-06,36.33,125.2067,2026-06-12,30,6.89,32.21,,,,,,,,,,
서해,308,06,308-06,36.33,125.2067,2026-06-12,50,6.88,32.18,,,,,,,,,,
서해,308,06,308-06,36.33,125.2067,2026-08-15,0,28.26,31.28,,,,,,,,,,
서해,308,06,308-06,36.33,125.2067,2026-08-15,10,27.51,31.70,,,,,,,,,,
서해,308,06,308-06,36.33,125.2067,2026-08-15,20,16.40,32.31,,,,,,,,,,
서해,308,06,308-06,36.33,125.2067,2026-08-15,30,9.05,32.37,,,,,,,,,,
서해,308,06,308-06,36.33,125.2067,2026-08-15,50,9.00,32.29,,,,,,,,,,
서해,308,07,308-07,36.33,125,2025-10-17,0,23.11,31.09,5.01,0.00,0.03,1.00,2.39,0.18,,,1022.00,탐구8호
서해,308,07,308-07,36.33,125,2025-10-17,10,23.11,31.09,5.01,,,,,,,,1022.00,탐구8호
서해,308,07,308-07,36.33,125,2025-10-17,20,23.11,31.10,5.01,0.09,0.21,2.96,5.12,0.27,,,1022.00,탐구8호
서해,308,07,308-07,36.33,125,2025-10-17,30,12.98,32.69,6.02,,,,,,,,1022.00,탐구8호
서해,308,07,308-07,36.33,125,2025-10-17,50,9.22,32.58,6.52,0.68,0.05,8.83,13.84,0.10,,,1022.00,탐구8호
서해,308,07,308-07,36.33,125,2025-10-17,75,9.18,32.56,,,,,,,,,1022.00,탐구8호
서해,308,07,308-07,36.33,125,2025-12-10,0,11.44,32.05,6.38,0.15,0.18,2.74,4.63,0.49,,14.00,1025.00,탐구8호
서해,308,07,308-07,36.33,125,2025-12-10,10,11.45,32.05,,,,,,,,14.00,1025.00,탐구8호
서해,308,07,308-07,36.33,125,2025-12-10,20,11.45,32.05,6.32,0.14,0.16,2.49,4.44,0.31,,14.00,1025.00,탐구8호
서해,308,07,308-07,36.33,125,2025-12-10,30,11.45,32.05,,,,,,,,14.00,1025.00,탐구8호
서해,308,07,308-07,36.33,125,2025-12-10,50,8.87,32.75,4.05,1.03,0.06,11.28,19.96,0.09,,14.00,1025.00,탐구8호
서해,308,07,308-07,36.33,125,2025-12-10,75,8.88,32.74,,,,,,,,14.00,1025.00,탐구8호
서해,308,07,308-07,36.33,125,2026-02-04,0,7.29,32.35,,,,,,,,,,
서해,308,07,308-07,36.33,125,2026-02-04,10,7.30,32.35,,,,,,,,,,
서해,308,07,308-07,36.33,125,2026-02-04,20,7.30,32.35,,,,,,,,,,
서해,308,07,308-07,36.33,125,2026-02-04,30,7.30,32.35,,,,,,,,,,
서해,308,07,308-07,36.33,125,2026-02-04,50,7.30,32.35,,,,,,,,,,
서해,308,07,308-07,36.33,125,2026-02-04,75,,,,,,,,,,,,
서해,308,07,308-07,36.33,125,2026-02-04,100,,,,,,,,,,,,
서해,308,07,308-07,36.33,125,2026-02-04,125,,,,,,,,,,,,
서해,308,07,308-07,36.33,125,2026-02-04,150,,,,,,,,,,,,
서해,308,07,308-07,36.33,125,2026-02-04,200,,,,,,,,,,,,
서해,308,07,308-07,36.33,125,2026-02-04,250,,,,,,,,,,,,
서해,308,07,308-07,36.33,125,2026-02-04,300,,,,,,,,,,,,
서해,308,07,308-07,36.33,125,2026-02-04,400,,,,,,,,,,,,
서해,308,07,308-07,36.33,125,2026-02-04,500,,,,,,,,,,,,
서해,308,07,308-07,36.33,125,2026-04-16,0,11.08,32.15,,,,,,,,,,
서해,308,07,308-07,36.33,125,2026-04-16,10,11.08,32.15,,,,,,,,,,
서해,308,07,308-07,36.33,125,2026-04-16,20,9.18,32.15,,,,,,,,,,
서해,308,07,308-07,36.33,125,2026-04-16,30,7.06,32.24,,,,,,,,,,
서해,308,07,308-07,36.33,125,2026-04-16,50,6.63,32.22,,,,,,,,,,
서해,308,07,308-07,36.33,125,2026-06-12,0,20.66,31.91,,,,,,,,,,
서해,308,07,308-07,36.33,125,2026-06-12,10,19.76,31.86,,,,,,,,,,
서해,308,07,308-07,36.33,125,2026-06-12,20,7.97,32.28,,,,,,,,,,
서해,308,07,308-07,36.33,125,2026-06-12,30,7.41,32.24,,,,,,,,,,
서해,308,07,308-07,36.33,125,2026-06-12,50,7.34,32.21,,,,,,,,,,
서해,308,07,308-07,36.33,125,2026-08-15,0,28.24,30.48,,,,,,,,,,
서해,308,07,308-07,36.33,125,2026-08-15,10,27.44,30.91,,,,,,,,,,
서해,308,07,308-07,36.33,125,2026-08-15,20,16.50,32.04,,,,,,,,,,
서해,308,07,308-07,36.33,125,2026-08-15,30,7.49,32.27,,,,,,,,,,
서해,308,07,308-07,36.33,125,2026-08-15,50,7.48,32.20,,,,,,,,,,
서해,308,08,308-08,36.33,124.7917,2025-10-17,0,23.12,30.92,5.01,,,,,,,,1022.00,탐구8호
서해,308,08,308-08,36.33,124.7917,2025-10-17,10,23.11,30.92,5.01,,,,,,,,1022.00,탐구8호
서해,308,08,308-08,36.33,124.7917,2025-10-17,20,23.10,30.92,5.01,,,,,,,,1022.00,탐구8호
서해,308,08,308-08,36.33,124.7917,2025-10-17,30,12.99,32.71,6.01,,,,,,,,1022.00,탐구8호
서해,308,08,308-08,36.33,124.7917,2025-10-17,50,8.20,32.53,6.68,,,,,,,,1022.00,탐구8호
서해,308,08,308-08,36.33,124.7917,2025-10-17,75,7.85,32.50,6.73,,,,,,,,1022.00,탐구8호
서해,308,08,308-08,36.33,124.7917,2025-12-09,0,11.55,31.86,,,,,,,,,1027.00,탐구8호
서해,308,08,308-08,36.33,124.7917,2025-12-09,10,11.55,31.86,,,,,,,,,1027.00,탐구8호
서해,308,08,308-08,36.33,124.7917,2025-12-09,20,11.55,31.86,,,,,,,,,1027.00,탐구8호
서해,308,08,308-08,36.33,124.7917,2025-12-09,30,11.47,31.95,,,,,,,,,1027.00,탐구8호
서해,308,08,308-08,36.33,124.7917,2025-12-09,50,9.86,32.98,,,,,,,,,1027.00,탐구8호
서해,308,08,308-08,36.33,124.7917,2025-12-09,75,9.54,33.05,,,,,,,,,1027.00,탐구8호
서해,308,08,308-08,36.33,124.7917,2026-02-04,0,7.25,32.26,,,,,,,,,,
서해,308,08,308-08,36.33,124.7917,2026-02-04,10,7.26,32.26,,,,,,,,,,
서해,308,08,308-08,36.33,124.7917,2026-02-04,20,7.28,32.27,,,,,,,,,,
서해,308,08,308-08,36.33,124.7917,2026-02-04,30,7.28,32.30,,,,,,,,,,
서해,308,08,308-08,36.33,124.7917,2026-02-04,50,7.54,32.36,,,,,,,,,,
서해,308,08,308-08,36.33,124.7917,2026-02-04,75,7.76,32.43,,,,,,,,,,
서해,308,08,308-08,36.33,124.7917,2026-02-04,100,,,,,,,,,,,,
서해,308,08,308-08,36.33,124.7917,2026-02-04,125,,,,,,,,,,,,
서해,308,08,308-08,36.33,124.7917,2026-02-04,150,,,,,,,,,,,,
서해,308,08,308-08,36.33,124.7917,2026-02-04,200,,,,,,,,,,,,
서해,308,08,308-08,36.33,124.7917,2026-02-04,250,,,,,,,,,,,,
서해,308,08,308-08,36.33,124.7917,2026-02-04,300,,,,,,,,,,,,
서해,308,08,308-08,36.33,124.7917,2026-02-04,400,,,,,,,,,,,,
서해,308,08,308-08,36.33,124.7917,2026-02-04,500,,,,,,,,,,,,
서해,308,08,308-08,36.33,124.7917,2026-04-16,0,11.22,32.16,,,,,,,,,,
서해,308,08,308-08,36.33,124.7917,2026-04-16,10,9.74,32.16,,,,,,,,,,
서해,308,08,308-08,36.33,124.7917,2026-04-16,20,9.29,32.15,,,,,,,,,,
서해,308,08,308-08,36.33,124.7917,2026-04-16,30,7.29,32.20,,,,,,,,,,
서해,308,08,308-08,36.33,124.7917,2026-04-16,50,7.07,32.28,,,,,,,,,,
서해,308,08,308-08,36.33,124.7917,2026-04-16,75,7.13,32.30,,,,,,,,,,
서해,308,08,308-08,36.33,124.7917,2026-06-12,0,20.79,32.04,,,,,,,,,,
서해,308,08,308-08,36.33,124.7917,2026-06-12,10,20.13,32.06,,,,,,,,,,
서해,308,08,308-08,36.33,124.7917,2026-06-12,20,13.64,32.28,,,,,,,,,,
서해,308,08,308-08,36.33,124.7917,2026-06-12,30,7.66,32.25,,,,,,,,,,
서해,308,08,308-08,36.33,124.7917,2026-06-12,50,7.21,32.25,,,,,,,,,,
서해,308,08,308-08,36.33,124.7917,2026-06-12,75,7.23,32.26,,,,,,,,,,
서해,308,08,308-08,36.33,124.7917,2026-08-15,0,28.28,30.81,,,,,,,,,,
서해,308,08,308-08,36.33,124.7917,2026-08-15,10,28.18,31.06,,,,,,,,,,
서해,308,08,308-08,36.33,124.7917,2026-08-15,20,15.79,31.85,,,,,,,,,,
서해,308,08,308-08,36.33,124.7917,2026-08-15,30,9.75,32.44,,,,,,,,,,
서해,308,08,308-08,36.33,124.7917,2026-08-15,50,7.54,32.29,,,,,,,,,,
서해,308,08,308-08,36.33,124.7917,2026-08-15,75,7.56,32.28,,,,,,,,,,
서해,308,09,308-09,36.33,124.585,2025-10-17,0,23.13,30.93,5.01,0.01,0.02,0.95,1.11,0.18,,,1022.00,탐구8호
서해,308,09,308-09,36.33,124.585,2025-10-17,10,23.12,30.93,5.01,,,,,,,,1022.00,탐구8호
서해,308,09,308-09,36.33,124.585,2025-10-17,20,23.11,30.93,5.01,0.04,0.06,1.45,2.31,0.35,,,1022.00,탐구8호
서해,308,09,308-09,36.33,124.585,2025-10-17,30,12.95,32.83,6.02,,,,,,,,1022.00,탐구8호
서해,308,09,308-09,36.33,124.585,2025-10-17,50,7.30,32.50,6.82,0.84,0.04,9.31,14.40,0.08,,,1022.00,탐구8호
서해,308,09,308-09,36.33,124.585,2025-10-17,75,7.27,32.47,6.82,,,,,,,,1022.00,탐구8호
서해,308,09,308-09,36.33,124.585,2025-12-09,0,12.15,31.72,6.30,0.17,0.42,2.96,4.76,0.34,,,1027.00,탐구8호
서해,308,09,308-09,36.33,124.585,2025-12-09,10,12.18,31.73,,,,,,,,,1027.00,탐구8호
서해,308,09,308-09,36.33,124.585,2025-12-09,20,12.33,31.80,6.16,0.13,0.32,2.22,4.59,0.29,,,1027.00,탐구8호
서해,308,09,308-09,36.33,124.585,2025-12-09,30,12.42,31.88,,,,,,,,,1027.00,탐구8호
서해,308,09,308-09,36.33,124.585,2025-12-09,50,9.85,33.17,3.49,1.15,0.04,12.62,23.34,0.04,,,1027.00,탐구8호
서해,308,09,308-09,36.33,124.585,2025-12-09,75,9.85,33.15,,,,,,,,,1027.00,탐구8호
서해,308,09,308-09,36.33,124.585,2026-02-03,0,7.40,32.17,,,,,,,,,,
서해,308,09,308-09,36.33,124.585,2026-02-03,10,7.40,32.17,,,,,,,,,,
서해,308,09,308-09,36.33,124.585,2026-02-03,20,7.43,32.17,,,,,,,,,,
서해,308,09,308-09,36.33,124.585,2026-02-03,30,7.42,32.20,,,,,,,,,,
서해,308,09,308-09,36.33,124.585,2026-02-03,50,8.39,32.45,,,,,,,,,,
서해,308,09,308-09,36.33,124.585,2026-02-03,75,8.40,32.51,,,,,,,,,,
서해,308,09,308-09,36.33,124.585,2026-02-03,100,,,,,,,,,,,,
서해,308,09,308-09,36.33,124.585,2026-02-03,125,,,,,,,,,,,,
서해,308,09,308-09,36.33,124.585,2026-02-03,150,,,,,,,,,,,,
서해,308,09,308-09,36.33,124.585,2026-02-03,200,,,,,,,,,,,,
서해,308,09,308-09,36.33,124.585,2026-02-03,250,,,,,,,,,,,,
서해,308,09,308-09,36.33,124.585,2026-02-03,300,,,,,,,,,,,,
서해,308,09,308-09,36.33,124.585,2026-02-03,400,,,,,,,,,,,,
서해,308,09,308-09,36.33,124.585,2026-02-03,500,,,,,,,,,,,,
서해,308,09,308-09,36.33,124.585,2026-04-16,0,11.21,32.16,,,,,,,,,,
서해,308,09,308-09,36.33,124.585,2026-04-16,10,10.98,32.17,,,,,,,,,,
서해,308,09,308-09,36.33,124.585,2026-04-16,20,9.62,32.17,,,,,,,,,,
서해,308,09,308-09,36.33,124.585,2026-04-16,30,7.34,32.21,,,,,,,,,,
서해,308,09,308-09,36.33,124.585,2026-04-16,50,7.19,32.26,,,,,,,,,,
서해,308,09,308-09,36.33,124.585,2026-04-16,75,7.24,32.28,,,,,,,,,,
서해,308,09,308-09,36.33,124.585,2026-06-12,0,20.55,32.23,,,,,,,,,,
서해,308,09,308-09,36.33,124.585,2026-06-12,10,19.09,32.24,,,,,,,,,,
서해,308,09,308-09,36.33,124.585,2026-06-12,20,14.12,32.43,,,,,,,,,,
서해,308,09,308-09,36.33,124.585,2026-06-12,30,9.61,32.36,,,,,,,,,,
서해,308,09,308-09,36.33,124.585,2026-06-12,50,7.34,32.24,,,,,,,,,,
서해,308,09,308-09,36.33,124.585,2026-06-12,75,8.34,32.46,,,,,,,,,,
서해,308,09,308-09,36.33,124.585,2026-08-15,0,28.43,31.13,,,,,,,,,,
서해,308,09,308-09,36.33,124.585,2026-08-15,10,28.21,31.19,,,,,,,,,,
서해,308,09,308-09,36.33,124.585,2026-08-15,20,21.77,32.13,,,,,,,,,,
서해,308,09,308-09,36.33,124.585,2026-08-15,30,14.05,32.62,,,,,,,,,,
서해,308,09,308-09,36.33,124.585,2026-08-15,50,8.31,32.49,,,,,,,,,,
서해,308,09,308-09,36.33,124.585,2026-08-15,75,8.38,32.48,,,,,,,,,,
서해,308,10,308-10,36.33,124.3833,2025-10-17,0,22.73,30.93,5.05,,,,,,,,1020.00,탐구8호
서해,308,10,308-10,36.33,124.3833,2025-10-17,10,22.73,30.93,5.04,,,,,,,,1020.00,탐구8호
서해,308,10,308-10,36.33,124.3833,2025-10-17,20,22.73,30.94,5.04,,,,,,,,1020.00,탐구8호
서해,308,10,308-10,36.33,124.3833,2025-10-17,30,12.06,32.81,6.13,,,,,,,,1020.00,탐구8호
서해,308,10,308-10,36.33,124.3833,2025-10-17,50,7.29,32.52,6.82,,,,,,,,1020.00,탐구8호
서해,308,10,308-10,36.33,124.3833,2025-10-17,75,7.31,32.50,6.81,,,,,,,,1020.00,탐구8호
서해,308,10,308-10,36.33,124.3833,2025-12-09,0,11.92,31.74,,,,,,,,,1028.00,탐구8호
서해,308,10,308-10,36.33,124.3833,2025-12-09,10,,,,,,,,,,,1028.00,탐구8호
서해,308,10,308-10,36.33,124.3833,2025-12-09,20,,,,,,,,,,,1028.00,탐구8호
서해,308,10,308-10,36.33,124.3833,2025-12-09,30,,,,,,,,,,,1028.00,탐구8호
서해,308,10,308-10,36.33,124.3833,2025-12-09,50,,,,,,,,,,,1028.00,탐구8호
서해,308,10,308-10,36.33,124.3833,2025-12-09,75,10.02,33.22,,,,,,,,,1028.00,탐구8호
서해,308,10,308-10,36.33,124.3833,2026-02-03,0,7.52,32.13,,,,,,,,,,
서해,308,10,308-10,36.33,124.3833,2026-02-03,10,7.52,32.13,,,,,,,,,,
서해,308,10,308-10,36.33,124.3833,2026-02-03,20,7.52,32.13,,,,,,,,,,
서해,308,10,308-10,36.33,124.3833,2026-02-03,30,7.52,32.13,,,,,,,,,,
서해,308,10,308-10,36.33,124.3833,2026-02-03,50,7.63,32.15,,,,,,,,,,
서해,308,10,308-10,36.33,124.3833,2026-02-03,75,,,,,,,,,,,,
서해,308,10,308-10,36.33,124.3833,2026-02-03,100,,,,,,,,,,,,
서해,308,10,308-10,36.33,124.3833,2026-02-03,125,,,,,,,,,,,,
서해,308,10,308-10,36.33,124.3833,2026-02-03,150,,,,,,,,,,,,
서해,308,10,308-10,36.33,124.3833,2026-02-03,200,,,,,,,,,,,,
서해,308,10,308-10,36.33,124.3833,2026-02-03,250,,,,,,,,,,,,
서해,308,10,308-10,36.33,124.3833,2026-02-03,300,,,,,,,,,,,,
서해,308,10,308-10,36.33,124.3833,2026-02-03,400,,,,,,,,,,,,
서해,308,10,308-10,36.33,124.3833,2026-02-03,500,,,,,,,,,,,,
서해,308,10,308-10,36.33,124.3833,2026-04-16,0,11.03,32.18,,,,,,,,,,
서해,308,10,308-10,36.33,124.3833,2026-04-16,10,10.06,32.19,,,,,,,,,,
서해,308,10,308-10,36.33,124.3833,2026-04-16,20,9.65,32.18,,,,,,,,,,
서해,308,10,308-10,36.33,124.3833,2026-04-16,30,7.73,32.26,,,,,,,,,,
서해,308,10,308-10,36.33,124.3833,2026-04-16,50,7.46,32.26,,,,,,,,,,
서해,308,10,308-10,36.33,124.3833,2026-04-16,75,7.38,32.27,,,,,,,,,,
서해,308,10,308-10,36.33,124.3833,2026-06-12,0,20.40,32.30,,,,,,,,,,
서해,308,10,308-10,36.33,124.3833,2026-06-12,10,20.04,32.27,,,,,,,,,,
서해,308,10,308-10,36.33,124.3833,2026-06-12,20,15.40,32.28,,,,,,,,,,
서해,308,10,308-10,36.33,124.3833,2026-06-12,30,11.84,32.37,,,,,,,,,,
서해,308,10,308-10,36.33,124.3833,2026-06-12,50,8.86,32.59,,,,,,,,,,
서해,308,10,308-10,36.33,124.3833,2026-06-12,75,9.04,32.75,,,,,,,,,,
서해,308,10,308-10,36.33,124.3833,2026-08-15,0,28.60,31.10,,,,,,,,,,
서해,308,10,308-10,36.33,124.3833,2026-08-15,10,27.53,31.26,,,,,,,,,,
서해,308,10,308-10,36.33,124.3833,2026-08-15,20,19.30,31.83,,,,,,,,,,
서해,308,10,308-10,36.33,124.3833,2026-08-15,30,13.19,32.58,,,,,,,,,,
서해,308,10,308-10,36.33,124.3833,2026-08-15,50,8.81,32.59,,,,,,,,,,
서해,308,10,308-10,36.33,124.3833,2026-08-15,75,9.01,32.68,,,,,,,,,,
서해,309,01,309-01,35.855,126.245,2025-10-24,0,19.34,31.22,5.36,0.57,1.22,7.08,14.49,0.78,,4.00,1027.00,탐구8호
서해,309,01,309-01,35.855,126.245,2025-10-24,10,19.34,31.23,5.36,,,,,,,4.00,1027.00,탐구8호
서해,309,01,309-01,35.855,126.245,2025-10-24,20,19.07,31.53,5.37,0.55,0.79,6.98,14.00,1.00,,4.00,1027.00,탐구8호
서해,309,01,309-01,35.855,126.245,2025-10-24,30,,,,,,,,,,4.00,1027.00,탐구8호
서해,309,01,309-01,35.855,126.245,2025-10-24,50,,,,,,,,,,4.00,1027.00,탐구8호
서해,309,01,309-01,35.855,126.245,2025-10-24,75,,,,,,,,,,4.00,1027.00,탐구8호
서해,309,01,309-01,35.855,126.245,2025-12-12,0,11.79,32.29,6.32,0.53,1.01,6.79,11.35,0.68,,3.00,1030.00,탐구8호
서해,309,01,309-01,35.855,126.245,2025-12-12,10,11.80,32.29,,,,,,,,3.00,1030.00,탐구8호
서해,309,01,309-01,35.855,126.245,2025-12-12,20,11.77,32.29,6.24,0.55,0.98,6.75,11.38,0.62,,3.00,1030.00,탐구8호
서해,309,01,309-01,35.855,126.245,2025-12-12,30,,,,,,,,,,3.00,1030.00,탐구8호
서해,309,01,309-01,35.855,126.245,2025-12-12,50,,,,,,,,,,3.00,1030.00,탐구8호
서해,309,01,309-01,35.855,126.245,2025-12-12,75,,,,,,,,,,3.00,1030.00,탐구8호
서해,309,01,309-01,35.855,126.245,2026-02-09,0,4.52,32.00,,,,,,,,,,
서해,309,01,309-01,35.855,126.245,2026-02-09,10,4.52,32.00,,,,,,,,,,
서해,309,01,309-01,35.855,126.245,2026-02-09,20,4.63,32.03,,,,,,,,,,
서해,309,01,309-01,35.855,126.245,2026-02-09,30,,,,,,,,,,,,
서해,309,01,309-01,35.855,126.245,2026-02-09,50,,,,,,,,,,,,
서해,309,01,309-01,35.855,126.245,2026-02-09,75,,,,,,,,,,,,
서해,309,01,309-01,35.855,126.245,2026-02-09,100,,,,,,,,,,,,
서해,309,01,309-01,35.855,126.245,2026-02-09,125,,,,,,,,,,,,
서해,309,01,309-01,35.855,126.245,2026-02-09,150,,,,,,,,,,,,
서해,309,01,309-01,35.855,126.245,2026-02-09,200,,,,,,,,,,,,
서해,309,01,309-01,35.855,126.245,2026-02-09,250,,,,,,,,,,,,
서해,309,01,309-01,35.855,126.245,2026-02-09,300,,,,,,,,,,,,
서해,309,01,309-01,35.855,126.245,2026-02-09,400,,,,,,,,,,,,
서해,309,01,309-01,35.855,126.245,2026-02-09,500,,,,,,,,,,,,
서해,309,01,309-01,35.855,126.245,2026-04-17,0,9.17,31.82,,,,,,,,,,
서해,309,01,309-01,35.855,126.245,2026-04-17,10,9.15,31.82,,,,,,,,,,
서해,309,01,309-01,35.855,126.245,2026-04-17,20,9.13,31.83,,,,,,,,,,
서해,309,01,309-01,35.855,126.245,2026-04-17,30,9.12,31.83,,,,,,,,,,
서해,309,01,309-01,35.855,126.245,2026-06-13,0,17.26,31.47,,,,,,,,,,
서해,309,01,309-01,35.855,126.245,2026-06-13,10,17.01,31.49,,,,,,,,,,
서해,309,01,309-01,35.855,126.245,2026-06-13,20,16.05,31.58,,,,,,,,,,
서해,309,01,309-01,35.855,126.245,2026-06-13,30,14.65,31.71,,,,,,,,,,
서해,309,01,309-01,35.855,126.245,2026-08-16,0,23.29,31.65,,,,,,,,,,
서해,309,01,309-01,35.855,126.245,2026-08-16,10,22.82,31.70,,,,,,,,,,
서해,309,01,309-01,35.855,126.245,2026-08-16,20,22.51,31.72,,,,,,,,,,
서해,309,02,309-02,35.855,126.033,2025-10-24,0,18.76,31.39,5.41,,,,,,,7.20,1027.00,탐구8호
서해,309,02,309-02,35.855,126.033,2025-10-24,10,18.76,31.38,5.41,,,,,,,7.20,1027.00,탐구8호
서해,309,02,309-02,35.855,126.033,2025-10-24,20,17.95,32.05,5.47,,,,,,,7.20,1027.00,탐구8호
서해,309,02,309-02,35.855,126.033,2025-10-24,30,17.93,32.06,5.47,,,,,,,7.20,1027.00,탐구8호
서해,309,02,309-02,35.855,126.033,2025-10-24,50,,,,,,,,,,7.20,1027.00,탐구8호
서해,309,02,309-02,35.855,126.033,2025-10-24,75,,,,,,,,,,7.20,1027.00,탐구8호
서해,309,02,309-02,35.855,126.033,2025-12-12,0,12.29,32.36,,,,,,,,3.70,1030.00,탐구8호
서해,309,02,309-02,35.855,126.033,2025-12-12,10,12.28,32.36,,,,,,,,3.70,1030.00,탐구8호
서해,309,02,309-02,35.855,126.033,2025-12-12,20,12.25,32.36,,,,,,,,3.70,1030.00,탐구8호
서해,309,02,309-02,35.855,126.033,2025-12-12,30,12.23,32.36,,,,,,,,3.70,1030.00,탐구8호
서해,309,02,309-02,35.855,126.033,2025-12-12,50,,,,,,,,,,3.70,1030.00,탐구8호
서해,309,02,309-02,35.855,126.033,2025-12-12,75,,,,,,,,,,3.70,1030.00,탐구8호
서해,309,02,309-02,35.855,126.033,2026-02-09,0,5.42,32.22,,,,,,,,,,
서해,309,02,309-02,35.855,126.033,2026-02-09,10,5.43,32.23,,,,,,,,,,
서해,309,02,309-02,35.855,126.033,2026-02-09,20,5.40,32.22,,,,,,,,,,
서해,309,02,309-02,35.855,126.033,2026-02-09,30,5.40,32.22,,,,,,,,,,
서해,309,02,309-02,35.855,126.033,2026-02-09,50,,,,,,,,,,,,
서해,309,02,309-02,35.855,126.033,2026-02-09,75,,,,,,,,,,,,
서해,309,02,309-02,35.855,126.033,2026-02-09,100,,,,,,,,,,,,
서해,309,02,309-02,35.855,126.033,2026-02-09,125,,,,,,,,,,,,
서해,309,02,309-02,35.855,126.033,2026-02-09,150,,,,,,,,,,,,
서해,309,02,309-02,35.855,126.033,2026-02-09,200,,,,,,,,,,,,
서해,309,02,309-02,35.855,126.033,2026-02-09,250,,,,,,,,,,,,
서해,309,02,309-02,35.855,126.033,2026-02-09,300,,,,,,,,,,,,
서해,309,02,309-02,35.855,126.033,2026-02-09,400,,,,,,,,,,,,
서해,309,02,309-02,35.855,126.033,2026-02-09,500,,,,,,,,,,,,
서해,309,02,309-02,35.855,126.033,2026-04-17,0,8.22,32.01,,,,,,,,,,
서해,309,02,309-02,35.855,126.033,2026-04-17,10,8.19,32.01,,,,,,,,,,
서해,309,02,309-02,35.855,126.033,2026-04-17,20,8.18,32.02,,,,,,,,,,
서해,309,02,309-02,35.855,126.033,2026-04-17,30,8.19,32.02,,,,,,,,,,
서해,309,02,309-02,35.855,126.033,2026-06-13,0,19.92,31.80,,,,,,,,,,
서해,309,02,309-02,35.855,126.033,2026-06-13,10,16.58,31.72,,,,,,,,,,
서해,309,02,309-02,35.855,126.033,2026-06-13,20,13.32,31.91,,,,,,,,,,
서해,309,02,309-02,35.855,126.033,2026-06-13,30,11.11,32.07,,,,,,,,,,
서해,309,02,309-02,35.855,126.033,2026-08-16,0,24.37,31.68,,,,,,,,,,
서해,309,02,309-02,35.855,126.033,2026-08-16,10,22.80,31.85,,,,,,,,,,
서해,309,02,309-02,35.855,126.033,2026-08-16,20,18.99,32.10,,,,,,,,,,
서해,309,02,309-02,35.855,126.033,2026-08-16,30,18.67,32.09,,,,,,,,,,
서해,309,03,309-03,35.855,125.8217,2025-10-24,0,18.98,31.19,5.39,0.19,0.25,2.84,5.22,2.46,,10.50,1027.00,탐구8호
서해,309,03,309-03,35.855,125.8217,2025-10-24,10,18.95,31.19,5.40,,,,,,,10.50,1027.00,탐구8호
서해,309,03,309-03,35.855,125.8217,2025-10-24,20,17.95,31.88,5.48,0.53,0.23,7.85,11.71,0.95,,10.50,1027.00,탐구8호
서해,309,03,309-03,35.855,125.8217,2025-10-24,30,16.99,32.27,5.57,,,,,,,10.50,1027.00,탐구8호
서해,309,03,309-03,35.855,125.8217,2025-10-24,50,16.40,32.37,4.01,0.64,0.15,9.35,13.17,0.53,,10.50,1027.00,탐구8호
서해,309,03,309-03,35.855,125.8217,2025-10-24,75,,,,,,,,,,10.50,1027.00,탐구8호
서해,309,03,309-03,35.855,125.8217,2025-12-12,0,12.18,32.34,6.19,0.48,0.39,5.56,9.61,0.33,,9.00,1030.00,탐구8호
서해,309,03,309-03,35.855,125.8217,2025-12-12,10,12.19,32.35,,,,,,,,9.00,1030.00,탐구8호
서해,309,03,309-03,35.855,125.8217,2025-12-12,20,12.17,32.34,5.90,0.48,0.37,5.56,9.60,0.37,,9.00,1030.00,탐구8호
서해,309,03,309-03,35.855,125.8217,2025-12-12,30,12.15,32.34,,,,,,,,9.00,1030.00,탐구8호
서해,309,03,309-03,35.855,125.8217,2025-12-12,50,12.15,32.34,5.88,0.66,0.48,7.09,11.91,0.23,,9.00,1030.00,탐구8호
서해,309,03,309-03,35.855,125.8217,2025-12-12,75,,,,,,,,,,9.00,1030.00,탐구8호
서해,309,03,309-03,35.855,125.8217,2026-02-09,0,5.92,32.38,,,,,,,,,,
서해,309,03,309-03,35.855,125.8217,2026-02-09,10,5.89,32.38,,,,,,,,,,
서해,309,03,309-03,35.855,125.8217,2026-02-09,20,5.89,32.38,,,,,,,,,,
서해,309,03,309-03,35.855,125.8217,2026-02-09,30,5.90,32.38,,,,,,,,,,
서해,309,03,309-03,35.855,125.8217,2026-02-09,50,5.92,32.39,,,,,,,,,,
서해,309,03,309-03,35.855,125.8217,2026-02-09,75,,,,,,,,,,,,
서해,309,03,309-03,35.855,125.8217,2026-02-09,100,,,,,,,,,,,,
서해,309,03,309-03,35.855,125.8217,2026-02-09,125,,,,,,,,,,,,
서해,309,03,309-03,35.855,125.8217,2026-02-09,150,,,,,,,,,,,,
서해,309,03,309-03,35.855,125.8217,2026-02-09,200,,,,,,,,,,,,
서해,309,03,309-03,35.855,125.8217,2026-02-09,250,,,,,,,,,,,,
서해,309,03,309-03,35.855,125.8217,2026-02-09,300,,,,,,,,,,,,
서해,309,03,309-03,35.855,125.8217,2026-02-09,400,,,,,,,,,,,,
서해,309,03,309-03,35.855,125.8217,2026-02-09,500,,,,,,,,,,,,
서해,309,03,309-03,35.855,125.8217,2026-04-17,0,10.35,32.09,,,,,,,,,,
서해,309,03,309-03,35.855,125.8217,2026-04-17,10,8.29,32.18,,,,,,,,,,
서해,309,03,309-03,35.855,125.8217,2026-04-17,20,7.87,32.19,,,,,,,,,,
서해,309,03,309-03,35.855,125.8217,2026-04-17,30,7.82,32.20,,,,,,,,,,
서해,309,03,309-03,35.855,125.8217,2026-04-17,50,7.75,32.20,,,,,,,,,,
서해,309,03,309-03,35.855,125.8217,2026-06-13,0,21.70,32.06,,,,,,,,,,
서해,309,03,309-03,35.855,125.8217,2026-06-13,10,17.49,32.11,,,,,,,,,,
서해,309,03,309-03,35.855,125.8217,2026-06-13,20,9.85,32.24,,,,,,,,,,
서해,309,03,309-03,35.855,125.8217,2026-06-13,30,9.58,32.22,,,,,,,,,,
서해,309,03,309-03,35.855,125.8217,2026-06-13,50,9.36,32.23,,,,,,,,,,
서해,309,03,309-03,35.855,125.8217,2026-08-16,0,25.51,31.46,,,,,,,,,,
서해,309,03,309-03,35.855,125.8217,2026-08-16,10,24.88,31.62,,,,,,,,,,
서해,309,03,309-03,35.855,125.8217,2026-08-16,20,16.60,32.26,,,,,,,,,,
서해,309,03,309-03,35.855,125.8217,2026-08-16,30,15.70,32.29,,,,,,,,,,
서해,309,04,309-04,35.855,125.6167,2025-10-24,0,19.09,31.28,5.38,,,,,,,8.30,1026.00,탐구8호
서해,309,04,309-04,35.855,125.6167,2025-10-24,10,19.02,31.28,5.39,,,,,,,8.30,1026.00,탐구8호
서해,309,04,309-04,35.855,125.6167,2025-10-24,20,18.93,31.78,5.38,,,,,,,8.30,1026.00,탐구8호
서해,309,04,309-04,35.855,125.6167,2025-10-24,30,15.52,32.57,5.72,,,,,,,8.30,1026.00,탐구8호
서해,309,04,309-04,35.855,125.6167,2025-10-24,50,14.15,32.65,5.87,,,,,,,8.30,1026.00,탐구8호
서해,309,04,309-04,35.855,125.6167,2025-10-24,75,,,,,,,,,,8.30,1026.00,탐구8호
서해,309,04,309-04,35.855,125.6167,2025-12-12,0,12.06,32.41,,,,,,,,7.00,1030.00,탐구8호
서해,309,04,309-04,35.855,125.6167,2025-12-12,10,12.07,32.41,,,,,,,,7.00,1030.00,탐구8호
서해,309,04,309-04,35.855,125.6167,2025-12-12,20,12.07,32.41,,,,,,,,7.00,1030.00,탐구8호
서해,309,04,309-04,35.855,125.6167,2025-12-12,30,12.03,32.41,,,,,,,,7.00,1030.00,탐구8호
서해,309,04,309-04,35.855,125.6167,2025-12-12,50,11.99,32.41,,,,,,,,7.00,1030.00,탐구8호
서해,309,04,309-04,35.855,125.6167,2025-12-12,75,,,,,,,,,,7.00,1030.00,탐구8호
서해,309,04,309-04,35.855,125.6167,2026-02-09,0,6.27,32.40,,,,,,,,,,
서해,309,04,309-04,35.855,125.6167,2026-02-09,10,6.17,32.40,,,,,,,,,,
서해,309,04,309-04,35.855,125.6167,2026-02-09,20,6.14,32.40,,,,,,,,,,
서해,309,04,309-04,35.855,125.6167,2026-02-09,30,6.13,32.40,,,,,,,,,,
서해,309,04,309-04,35.855,125.6167,2026-02-09,50,6.14,32.40,,,,,,,,,,
서해,309,04,309-04,35.855,125.6167,2026-02-09,75,,,,,,,,,,,,
서해,309,04,309-04,35.855,125.6167,2026-02-09,100,,,,,,,,,,,,
서해,309,04,309-04,35.855,125.6167,2026-02-09,125,,,,,,,,,,,,
서해,309,04,309-04,35.855,125.6167,2026-02-09,150,,,,,,,,,,,,
서해,309,04,309-04,35.855,125.6167,2026-02-09,200,,,,,,,,,,,,
서해,309,04,309-04,35.855,125.6167,2026-02-09,250,,,,,,,,,,,,
서해,309,04,309-04,35.855,125.6167,2026-02-09,300,,,,,,,,,,,,
서해,309,04,309-04,35.855,125.6167,2026-02-09,400,,,,,,,,,,,,
서해,309,04,309-04,35.855,125.6167,2026-02-09,500,,,,,,,,,,,,
서해,309,04,309-04,35.855,125.6167,2026-04-17,0,10.00,32.26,,,,,,,,,,
서해,309,04,309-04,35.855,125.6167,2026-04-17,10,8.97,32.27,,,,,,,,,,
서해,309,04,309-04,35.855,125.6167,2026-04-17,20,7.52,32.33,,,,,,,,,,
서해,309,04,309-04,35.855,125.6167,2026-04-17,30,7.32,32.32,,,,,,,,,,
서해,309,04,309-04,35.855,125.6167,2026-04-17,50,7.25,32.32,,,,,,,,,,
서해,309,04,309-04,35.855,125.6167,2026-06-13,0,21.82,32.06,,,,,,,,,,
서해,309,04,309-04,35.855,125.6167,2026-06-13,10,20.54,32.08,,,,,,,,,,
서해,309,04,309-04,35.855,125.6167,2026-06-13,20,8.83,32.36,,,,,,,,,,
서해,309,04,309-04,35.855,125.6167,2026-06-13,30,8.53,32.32,,,,,,,,,,
서해,309,04,309-04,35.855,125.6167,2026-06-13,50,8.44,32.29,,,,,,,,,,
서해,309,04,309-04,35.855,125.6167,2026-08-16,0,27.22,31.77,,,,,,,,,,
서해,309,04,309-04,35.855,125.6167,2026-08-16,10,25.96,31.78,,,,,,,,,,
서해,309,04,309-04,35.855,125.6167,2026-08-16,20,15.57,32.31,,,,,,,,,,
서해,309,04,309-04,35.855,125.6167,2026-08-16,30,12.96,32.38,,,,,,,,,,
서해,309,04,309-04,35.855,125.6167,2026-08-16,50,11.99,32.38,,,,,,,,,,
서해,309,05,309-05,35.855,125.4067,2025-10-24,0,18.96,31.94,5.37,0.19,0.34,2.87,5.44,2.33,,10.50,1026.00,탐구8호
서해,309,05,309-05,35.855,125.4067,2025-10-24,10,18.88,31.94,5.38,,,,,,,10.50,1026.00,탐구8호
서해,309,05,309-05,35.855,125.4067,2025-10-24,20,18.76,31.95,5.39,0.62,0.24,9.40,12.11,1.17,,10.50,1026.00,탐구8호
서해,309,05,309-05,35.855,125.4067,2025-10-24,30,18.08,32.24,5.45,,,,,,,10.50,1026.00,탐구8호
서해,309,05,309-05,35.855,125.4067,2025-10-24,50,11.51,32.75,6.20,0.85,0.07,10.96,15.29,0.20,,10.50,1026.00,탐구8호
서해,309,05,309-05,35.855,125.4067,2025-10-24,75,,,,,,,,,,10.50,1026.00,탐구8호
서해,309,05,309-05,35.855,125.4067,2025-12-12,0,11.95,32.55,5.74,0.57,0.29,8.09,11.88,0.55,,9.50,1030.00,탐구8호
서해,309,05,309-05,35.855,125.4067,2025-12-12,10,11.94,32.55,,,,,,,,9.50,1030.00,탐구8호
서해,309,05,309-05,35.855,125.4067,2025-12-12,20,11.94,32.55,5.66,0.59,0.25,7.61,11.96,0.59,,9.50,1030.00,탐구8호
서해,309,05,309-05,35.855,125.4067,2025-12-12,30,11.93,32.56,,,,,,,,9.50,1030.00,탐구8호
서해,309,05,309-05,35.855,125.4067,2025-12-12,50,11.36,32.65,4.50,0.85,0.08,10.52,16.06,0.15,,9.50,1030.00,탐구8호
서해,309,05,309-05,35.855,125.4067,2025-12-12,75,,,,,,,,,,9.50,1030.00,탐구8호
서해,309,05,309-05,35.855,125.4067,2026-02-09,0,6.49,32.45,,,,,,,,,,
서해,309,05,309-05,35.855,125.4067,2026-02-09,10,6.42,32.46,,,,,,,,,,
서해,309,05,309-05,35.855,125.4067,2026-02-09,20,6.41,32.46,,,,,,,,,,
서해,309,05,309-05,35.855,125.4067,2026-02-09,30,6.42,32.46,,,,,,,,,,
서해,309,05,309-05,35.855,125.4067,2026-02-09,50,6.43,32.46,,,,,,,,,,
서해,309,05,309-05,35.855,125.4067,2026-02-09,75,,,,,,,,,,,,
서해,309,05,309-05,35.855,125.4067,2026-02-09,100,,,,,,,,,,,,
서해,309,05,309-05,35.855,125.4067,2026-02-09,125,,,,,,,,,,,,
서해,309,05,309-05,35.855,125.4067,2026-02-09,150,,,,,,,,,,,,
서해,309,05,309-05,35.855,125.4067,2026-02-09,200,,,,,,,,,,,,
서해,309,05,309-05,35.855,125.4067,2026-02-09,250,,,,,,,,,,,,
서해,309,05,309-05,35.855,125.4067,2026-02-09,300,,,,,,,,,,,,
서해,309,05,309-05,35.855,125.4067,2026-02-09,400,,,,,,,,,,,,
서해,309,05,309-05,35.855,125.4067,2026-02-09,500,,,,,,,,,,,,
서해,309,05,309-05,35.855,125.4067,2026-04-17,0,10.22,32.23,,,,,,,,,,
서해,309,05,309-05,35.855,125.4067,2026-04-17,10,9.57,32.22,,,,,,,,,,
서해,309,05,309-05,35.855,125.4067,2026-04-17,20,8.47,32.23,,,,,,,,,,
서해,309,05,309-05,35.855,125.4067,2026-04-17,30,6.84,32.32,,,,,,,,,,
서해,309,05,309-05,35.855,125.4067,2026-04-17,50,6.81,32.31,,,,,,,,,,
서해,309,05,309-05,35.855,125.4067,2026-06-13,0,21.48,31.96,,,,,,,,,,
서해,309,05,309-05,35.855,125.4067,2026-06-13,10,21.36,31.96,,,,,,,,,,
서해,309,05,309-05,35.855,125.4067,2026-06-13,20,8.48,32.43,,,,,,,,,,
서해,309,05,309-05,35.855,125.4067,2026-06-13,30,7.58,32.31,,,,,,,,,,
서해,309,05,309-05,35.855,125.4067,2026-06-13,50,7.57,32.28,,,,,,,,,,
서해,309,05,309-05,35.855,125.4067,2026-08-16,0,27.63,31.61,,,,,,,,,,
서해,309,05,309-05,35.855,125.4067,2026-08-16,10,27.61,31.64,,,,,,,,,,
서해,309,05,309-05,35.855,125.4067,2026-08-16,20,22.94,31.94,,,,,,,,,,
서해,309,05,309-05,35.855,125.4067,2026-08-16,30,13.30,32.47,,,,,,,,,,
서해,309,05,309-05,35.855,125.4067,2026-08-16,50,9.48,32.38,,,,,,,,,,
서해,309,06,309-06,35.855,125.205,2025-10-24,0,18.68,32.21,5.39,,,,,,,10.20,1026.00,탐구8호
서해,309,06,309-06,35.855,125.205,2025-10-24,10,18.66,32.21,5.39,,,,,,,10.20,1026.00,탐구8호
서해,309,06,309-06,35.855,125.205,2025-10-24,20,18.54,32.21,5.41,,,,,,,10.20,1026.00,탐구8호
서해,309,06,309-06,35.855,125.205,2025-10-24,30,18.46,32.23,5.41,,,,,,,10.20,1026.00,탐구8호
서해,309,06,309-06,35.855,125.205,2025-10-24,50,9.39,32.74,6.49,,,,,,,10.20,1026.00,탐구8호
서해,309,06,309-06,35.855,125.205,2025-10-24,75,,,,,,,,,,10.20,1026.00,탐구8호
서해,309,06,309-06,35.855,125.205,2025-12-12,0,12.08,32.33,,,,,,,,,1030.00,탐구8호
서해,309,06,309-06,35.855,125.205,2025-12-12,10,12.08,32.33,,,,,,,,,1030.00,탐구8호
서해,309,06,309-06,35.855,125.205,2025-12-12,20,12.08,32.33,,,,,,,,,1030.00,탐구8호
서해,309,06,309-06,35.855,125.205,2025-12-12,30,12.09,32.33,,,,,,,,,1030.00,탐구8호
서해,309,06,309-06,35.855,125.205,2025-12-12,50,11.71,32.51,,,,,,,,,1030.00,탐구8호
서해,309,06,309-06,35.855,125.205,2025-12-12,75,,,,,,,,,,,1030.00,탐구8호
서해,309,06,309-06,35.855,125.205,2026-02-09,0,6.96,32.45,,,,,,,,,,
서해,309,06,309-06,35.855,125.205,2026-02-09,10,6.91,32.45,,,,,,,,,,
서해,309,06,309-06,35.855,125.205,2026-02-09,20,6.85,32.45,,,,,,,,,,
서해,309,06,309-06,35.855,125.205,2026-02-09,30,6.83,32.45,,,,,,,,,,
서해,309,06,309-06,35.855,125.205,2026-02-09,50,6.82,32.45,,,,,,,,,,
서해,309,06,309-06,35.855,125.205,2026-02-09,75,,,,,,,,,,,,
서해,309,06,309-06,35.855,125.205,2026-02-09,100,,,,,,,,,,,,
서해,309,06,309-06,35.855,125.205,2026-02-09,125,,,,,,,,,,,,
서해,309,06,309-06,35.855,125.205,2026-02-09,150,,,,,,,,,,,,
서해,309,06,309-06,35.855,125.205,2026-02-09,200,,,,,,,,,,,,
서해,309,06,309-06,35.855,125.205,2026-02-09,250,,,,,,,,,,,,
서해,309,06,309-06,35.855,125.205,2026-02-09,300,,,,,,,,,,,,
서해,309,06,309-06,35.855,125.205,2026-02-09,400,,,,,,,,,,,,
서해,309,06,309-06,35.855,125.205,2026-02-09,500,,,,,,,,,,,,
서해,309,06,309-06,35.855,125.205,2026-04-17,0,12.48,32.22,,,,,,,,,,
서해,309,06,309-06,35.855,125.205,2026-04-17,10,10.99,32.20,,,,,,,,,,
서해,309,06,309-06,35.855,125.205,2026-04-17,20,6.86,32.32,,,,,,,,,,
서해,309,06,309-06,35.855,125.205,2026-04-17,30,6.78,32.30,,,,,,,,,,
서해,309,06,309-06,35.855,125.205,2026-04-17,50,6.79,32.29,,,,,,,,,,
서해,309,06,309-06,35.855,125.205,2026-06-13,0,21.35,32.07,,,,,,,,,,
서해,309,06,309-06,35.855,125.205,2026-06-13,10,21.33,32.06,,,,,,,,,,
서해,309,06,309-06,35.855,125.205,2026-06-13,20,9.74,32.29,,,,,,,,,,
서해,309,06,309-06,35.855,125.205,2026-06-13,30,7.46,32.28,,,,,,,,,,
서해,309,06,309-06,35.855,125.205,2026-06-13,50,7.33,32.25,,,,,,,,,,
서해,309,06,309-06,35.855,125.205,2026-08-16,0,28.45,31.61,,,,,,,,,,
서해,309,06,309-06,35.855,125.205,2026-08-16,10,28.45,31.69,,,,,,,,,,
서해,309,06,309-06,35.855,125.205,2026-08-16,20,19.60,31.77,,,,,,,,,,
서해,309,06,309-06,35.855,125.205,2026-08-16,30,8.98,32.49,,,,,,,,,,
서해,309,06,309-06,35.855,125.205,2026-08-16,50,8.71,32.35,,,,,,,,,,
서해,309,06,309-06,35.855,125.205,2026-08-16,75,8.73,32.33,,,,,,,,,,
서해,309,07,309-07,35.855,125,2025-10-24,0,19.02,31.98,5.37,0.05,0.12,1.96,3.69,1.19,,9.50,1026.00,탐구8호
서해,309,07,309-07,35.855,125,2025-10-24,10,18.98,31.98,5.37,,,,,,,9.50,1026.00,탐구8호
서해,309,07,309-07,35.855,125,2025-10-24,20,18.85,31.99,5.38,0.19,0.18,3.85,5.50,0.99,,9.50,1026.00,탐구8호
서해,309,07,309-07,35.855,125,2025-10-24,30,15.52,32.71,5.71,,,,,,,9.50,1026.00,탐구8호
서해,309,07,309-07,35.855,125,2025-10-24,50,9.48,32.86,6.47,0.88,0.07,10.78,16.20,0.14,,9.50,1026.00,탐구8호
서해,309,07,309-07,35.855,125,2025-10-24,75,9.43,32.83,6.48,,,,,,,9.50,1026.00,탐구8호
서해,309,07,309-07,35.855,125,2025-12-12,0,12.13,32.26,6.14,0.17,0.27,3.50,6.15,0.55,,,1030.00,탐구8호
서해,309,07,309-07,35.855,125,2025-12-12,10,12.15,32.26,,,,,,,,,1030.00,탐구8호
서해,309,07,309-07,35.855,125,2025-12-12,20,12.14,32.26,5.65,0.19,0.28,3.27,6.15,0.55,,,1030.00,탐구8호
서해,309,07,309-07,35.855,125,2025-12-12,30,12.14,32.26,,,,,,,,,1030.00,탐구8호
서해,309,07,309-07,35.855,125,2025-12-12,50,10.15,33.14,3.61,1.11,0.06,13.10,21.08,0.05,,,1030.00,탐구8호
서해,309,07,309-07,35.855,125,2025-12-12,75,10.12,33.12,,,,,,,,,1030.00,탐구8호
서해,309,07,309-07,35.855,125,2026-02-09,0,7.31,32.47,,,,,,,,,,
서해,309,07,309-07,35.855,125,2026-02-09,10,7.26,32.47,,,,,,,,,,
서해,309,07,309-07,35.855,125,2026-02-09,20,7.23,32.47,,,,,,,,,,
서해,309,07,309-07,35.855,125,2026-02-09,30,7.22,32.47,,,,,,,,,,
서해,309,07,309-07,35.855,125,2026-02-09,50,7.20,32.47,,,,,,,,,,
서해,309,07,309-07,35.855,125,2026-02-09,75,7.19,32.47,,,,,,,,,,
서해,309,07,309-07,35.855,125,2026-02-09,100,,,,,,,,,,,,
서해,309,07,309-07,35.855,125,2026-02-09,125,,,,,,,,,,,,
서해,309,07,309-07,35.855,125,2026-02-09,150,,,,,,,,,,,,
서해,309,07,309-07,35.855,125,2026-02-09,200,,,,,,,,,,,,
서해,309,07,309-07,35.855,125,2026-02-09,250,,,,,,,,,,,,
서해,309,07,309-07,35.855,125,2026-02-09,300,,,,,,,,,,,,
서해,309,07,309-07,35.855,125,2026-02-09,400,,,,,,,,,,,,
서해,309,07,309-07,35.855,125,2026-02-09,500,,,,,,,,,,,,
서해,309,07,309-07,35.855,125,2026-04-17,0,12.23,32.18,,,,,,,,,,
서해,309,07,309-07,35.855,125,2026-04-17,10,9.92,32.17,,,,,,,,,,
서해,309,07,309-07,35.855,125,2026-04-17,20,9.40,32.17,,,,,,,,,,
서해,309,07,309-07,35.855,125,2026-04-17,30,6.91,32.32,,,,,,,,,,
서해,309,07,309-07,35.855,125,2026-04-17,50,6.86,32.32,,,,,,,,,,
서해,309,07,309-07,35.855,125,2026-04-17,75,6.86,32.31,,,,,,,,,,
서해,309,07,309-07,35.855,125,2026-06-13,0,21.20,31.93,,,,,,,,,,
서해,309,07,309-07,35.855,125,2026-06-13,10,21.07,31.95,,,,,,,,,,
서해,309,07,309-07,35.855,125,2026-06-13,20,13.44,32.16,,,,,,,,,,
서해,309,07,309-07,35.855,125,2026-06-13,30,7.71,32.28,,,,,,,,,,
서해,309,07,309-07,35.855,125,2026-06-13,50,7.14,32.27,,,,,,,,,,
서해,309,07,309-07,35.855,125,2026-06-13,75,7.14,32.26,,,,,,,,,,
서해,309,07,309-07,35.855,125,2026-08-16,0,28.22,31.08,,,,,,,,,,
서해,309,07,309-07,35.855,125,2026-08-16,10,28.43,31.35,,,,,,,,,,
서해,309,07,309-07,35.855,125,2026-08-16,20,19.05,31.75,,,,,,,,,,
서해,309,07,309-07,35.855,125,2026-08-16,30,9.00,32.37,,,,,,,,,,
서해,309,07,309-07,35.855,125,2026-08-16,50,7.70,32.28,,,,,,,,,,
서해,309,07,309-07,35.855,125,2026-08-16,75,7.68,32.26,,,,,,,,,,
서해,309,08,309-08,35.855,124.7967,2025-10-24,0,19.04,31.90,5.37,,,,,,,,1027.00,탐구8호
서해,309,08,309-08,35.855,124.7967,2025-10-24,10,19.04,31.90,5.37,,,,,,,,1027.00,탐구8호
서해,309,08,309-08,35.855,124.7967,2025-10-24,20,19.03,31.90,5.37,,,,,,,,1027.00,탐구8호
서해,309,08,309-08,35.855,124.7967,2025-10-24,30,14.12,32.91,5.87,,,,,,,,1027.00,탐구8호
서해,309,08,309-08,35.855,124.7967,2025-10-24,50,9.58,32.96,6.46,,,,,,,,1027.00,탐구8호
서해,309,08,309-08,35.855,124.7967,2025-10-24,75,9.61,32.97,6.45,,,,,,,,1027.00,탐구8호
서해,309,08,309-08,35.855,124.7967,2025-12-12,0,12.03,32.13,,,,,,,,,1030.00,탐구8호
서해,309,08,309-08,35.855,124.7967,2025-12-12,10,12.03,32.13,,,,,,,,,1030.00,탐구8호
서해,309,08,309-08,35.855,124.7967,2025-12-12,20,12.03,32.14,,,,,,,,,1030.00,탐구8호
서해,309,08,309-08,35.855,124.7967,2025-12-12,30,12.10,32.17,,,,,,,,,1030.00,탐구8호
서해,309,08,309-08,35.855,124.7967,2025-12-12,50,11.73,32.61,,,,,,,,,1030.00,탐구8호
서해,309,08,309-08,35.855,124.7967,2025-12-12,75,10.35,33.25,,,,,,,,,1030.00,탐구8호
서해,309,08,309-08,35.855,124.7967,2026-02-09,0,7.58,32.47,,,,,,,,,,
서해,309,08,309-08,35.855,124.7967,2026-02-09,10,7.33,32.48,,,,,,,,,,
서해,309,08,309-08,35.855,124.7967,2026-02-09,20,7.30,32.48,,,,,,,,,,
서해,309,08,309-08,35.855,124.7967,2026-02-09,30,7.30,32.48,,,,,,,,,,
서해,309,08,309-08,35.855,124.7967,2026-02-09,50,7.30,32.48,,,,,,,,,,
서해,309,08,309-08,35.855,124.7967,2026-02-09,75,7.30,32.48,,,,,,,,,,
서해,309,08,309-08,35.855,124.7967,2026-02-09,100,,,,,,,,,,,,
서해,309,08,309-08,35.855,124.7967,2026-02-09,125,,,,,,,,,,,,
서해,309,08,309-08,35.855,124.7967,2026-02-09,150,,,,,,,,,,,,
서해,309,08,309-08,35.855,124.7967,2026-02-09,200,,,,,,,,,,,,
서해,309,08,309-08,35.855,124.7967,2026-02-09,250,,,,,,,,,,,,
서해,309,08,309-08,35.855,124.7967,2026-02-09,300,,,,,,,,,,,,
서해,309,08,309-08,35.855,124.7967,2026-02-09,400,,,,,,,,,,,,
서해,309,08,309-08,35.855,124.7967,2026-02-09,500,,,,,,,,,,,,
서해,309,08,309-08,35.855,124.7967,2026-04-17,0,12.49,32.18,,,,,,,,,,
서해,309,08,309-08,35.855,124.7967,2026-04-17,10,10.27,32.21,,,,,,,,,,
서해,309,08,309-08,35.855,124.7967,2026-04-17,20,9.39,32.21,,,,,,,,,,
서해,309,08,309-08,35.855,124.7967,2026-04-17,30,7.23,32.32,,,,,,,,,,
서해,309,08,309-08,35.855,124.7967,2026-04-17,50,7.23,32.37,,,,,,,,,,
서해,309,08,309-08,35.855,124.7967,2026-04-17,75,7.23,32.37,,,,,,,,,,
서해,309,08,309-08,35.855,124.7967,2026-06-13,0,21.26,32.18,,,,,,,,,,
서해,309,08,309-08,35.855,124.7967,2026-06-13,10,21.20,32.18,,,,,,,,,,
서해,309,08,309-08,35.855,124.7967,2026-06-13,20,12.07,32.26,,,,,,,,,,
서해,309,08,309-08,35.855,124.7967,2026-06-13,30,8.32,32.23,,,,,,,,,,
서해,309,08,309-08,35.855,124.7967,2026-06-13,50,7.44,32.32,,,,,,,,,,
서해,309,08,309-08,35.855,124.7967,2026-06-13,75,7.41,32.32,,,,,,,,,,
서해,309,08,309-08,35.855,124.7967,2026-08-16,0,28.07,31.22,,,,,,,,,,
서해,309,08,309-08,35.855,124.7967,2026-08-16,10,28.04,31.23,,,,,,,,,,
서해,309,08,309-08,35.855,124.7967,2026-08-16,20,19.90,32.22,,,,,,,,,,
서해,309,08,309-08,35.855,124.7967,2026-08-16,30,13.26,32.50,,,,,,,,,,
서해,309,08,309-08,35.855,124.7967,2026-08-16,50,8.27,32.45,,,,,,,,,,
서해,309,08,309-08,35.855,124.7967,2026-08-16,75,8.31,32.45,,,,,,,,,,
서해,309,09,309-09,35.855,124.585,2025-10-24,0,19.47,31.64,5.33,0.04,0.08,1.60,4.11,0.63,,,1027.00,탐구8호
서해,309,09,309-09,35.855,124.585,2025-10-24,10,19.47,31.64,5.33,,,,,,,,1027.00,탐구8호
서해,309,09,309-09,35.855,124.585,2025-10-24,20,19.46,31.67,5.33,0.12,0.24,3.68,5.52,0.28,,,1027.00,탐구8호
서해,309,09,309-09,35.855,124.585,2025-10-24,30,14.84,32.90,5.79,,,,,,,,1027.00,탐구8호
서해,309,09,309-09,35.855,124.585,2025-10-24,50,10.20,33.22,6.36,0.99,0.05,12.21,18.62,0.11,,,1027.00,탐구8호
서해,309,09,309-09,35.855,124.585,2025-10-24,75,10.15,33.22,6.37,,,,,,,,1027.00,탐구8호
서해,309,09,309-09,35.855,124.585,2025-12-12,0,12.13,32.05,6.26,0.12,0.24,2.30,4.49,0.44,,,1029.00,탐구8호
서해,309,09,309-09,35.855,124.585,2025-12-12,10,12.13,32.05,,,,,,,,,1029.00,탐구8호
서해,309,09,309-09,35.855,124.585,2025-12-12,20,12.14,32.05,6.22,0.12,0.23,2.60,4.60,0.47,,,1029.00,탐구8호
서해,309,09,309-09,35.855,124.585,2025-12-12,30,12.14,32.05,,,,,,,,,1029.00,탐구8호
서해,309,09,309-09,35.855,124.585,2025-12-12,50,10.46,33.33,3.54,1.20,0.04,14.45,21.83,0.03,,,1029.00,탐구8호
서해,309,09,309-09,35.855,124.585,2025-12-12,75,10.38,33.32,,,,,,,,,1029.00,탐구8호
서해,309,09,309-09,35.855,124.585,2026-02-09,0,7.51,32.40,,,,,,,,,,
서해,309,09,309-09,35.855,124.585,2026-02-09,10,7.50,32.41,,,,,,,,,,
서해,309,09,309-09,35.855,124.585,2026-02-09,20,7.40,32.43,,,,,,,,,,
서해,309,09,309-09,35.855,124.585,2026-02-09,30,7.39,32.43,,,,,,,,,,
서해,309,09,309-09,35.855,124.585,2026-02-09,50,7.38,32.43,,,,,,,,,,
서해,309,09,309-09,35.855,124.585,2026-02-09,75,7.46,32.45,,,,,,,,,,
서해,309,09,309-09,35.855,124.585,2026-02-09,100,,,,,,,,,,,,
서해,309,09,309-09,35.855,124.585,2026-02-09,125,,,,,,,,,,,,
서해,309,09,309-09,35.855,124.585,2026-02-09,150,,,,,,,,,,,,
서해,309,09,309-09,35.855,124.585,2026-02-09,200,,,,,,,,,,,,
서해,309,09,309-09,35.855,124.585,2026-02-09,250,,,,,,,,,,,,
서해,309,09,309-09,35.855,124.585,2026-02-09,300,,,,,,,,,,,,
서해,309,09,309-09,35.855,124.585,2026-02-09,400,,,,,,,,,,,,
서해,309,09,309-09,35.855,124.585,2026-02-09,500,,,,,,,,,,,,
서해,309,09,309-09,35.855,124.585,2026-04-17,0,12.01,32.25,,,,,,,,,,
서해,309,09,309-09,35.855,124.585,2026-04-17,10,10.42,32.26,,,,,,,,,,
서해,309,09,309-09,35.855,124.585,2026-04-17,20,9.82,32.25,,,,,,,,,,
서해,309,09,309-09,35.855,124.585,2026-04-17,30,7.47,32.33,,,,,,,,,,
서해,309,09,309-09,35.855,124.585,2026-04-17,50,7.38,32.37,,,,,,,,,,
서해,309,09,309-09,35.855,124.585,2026-04-17,75,7.46,32.41,,,,,,,,,,
서해,309,09,309-09,35.855,124.585,2026-06-14,0,21.25,32.27,,,,,,,,,,
서해,309,09,309-09,35.855,124.585,2026-06-14,10,21.18,32.27,,,,,,,,,,
서해,309,09,309-09,35.855,124.585,2026-06-14,20,15.43,32.40,,,,,,,,,,
서해,309,09,309-09,35.855,124.585,2026-06-14,30,11.09,32.43,,,,,,,,,,
서해,309,09,309-09,35.855,124.585,2026-06-14,50,8.52,32.52,,,,,,,,,,
서해,309,09,309-09,35.855,124.585,2026-06-14,75,8.58,32.52,,,,,,,,,,
서해,309,09,309-09,35.855,124.585,2026-08-16,0,28.58,31.34,,,,,,,,,,
서해,309,09,309-09,35.855,124.585,2026-08-16,10,28.58,31.34,,,,,,,,,,
서해,309,09,309-09,35.855,124.585,2026-08-16,20,21.36,31.70,,,,,,,,,,
서해,309,09,309-09,35.855,124.585,2026-08-16,30,15.26,32.57,,,,,,,,,,
서해,309,09,309-09,35.855,124.585,2026-08-16,50,8.88,32.66,,,,,,,,,,
서해,309,09,309-09,35.855,124.585,2026-08-16,75,8.89,32.64,,,,,,,,,,
서해,309,10,309-10,35.855,124.38,2025-10-24,0,19.82,31.44,5.30,,,,,,,,1026.00,탐구8호
서해,309,10,309-10,35.855,124.38,2025-10-24,10,19.82,31.44,5.30,,,,,,,,1026.00,탐구8호
서해,309,10,309-10,35.855,124.38,2025-10-24,20,19.54,31.77,5.32,,,,,,,,1026.00,탐구8호
서해,309,10,309-10,35.855,124.38,2025-10-24,30,19.13,32.11,5.35,,,,,,,,1026.00,탐구8호
서해,309,10,309-10,35.855,124.38,2025-10-24,50,10.11,33.28,6.37,,,,,,,,1026.00,탐구8호
서해,309,10,309-10,35.855,124.38,2025-10-24,75,10.11,33.26,6.37,,,,,,,,1026.00,탐구8호
서해,309,10,309-10,35.855,124.38,2025-12-12,0,12.44,32.08,,,,,,,,,1027.00,탐구8호
서해,309,10,309-10,35.855,124.38,2025-12-12,10,12.44,32.08,,,,,,,,,1027.00,탐구8호
서해,309,10,309-10,35.855,124.38,2025-12-12,20,12.44,32.08,,,,,,,,,1027.00,탐구8호
서해,309,10,309-10,35.855,124.38,2025-12-12,30,12.51,32.09,,,,,,,,,1027.00,탐구8호
서해,309,10,309-10,35.855,124.38,2025-12-12,50,12.58,32.12,,,,,,,,,1027.00,탐구8호
서해,309,10,309-10,35.855,124.38,2025-12-12,75,10.46,33.33,,,,,,,,,1027.00,탐구8호
서해,309,10,309-10,35.855,124.38,2026-02-09,0,7.68,32.45,,,,,,,,,,
서해,309,10,309-10,35.855,124.38,2026-02-09,10,7.68,32.45,,,,,,,,,,
서해,309,10,309-10,35.855,124.38,2026-02-09,20,7.67,32.46,,,,,,,,,,
서해,309,10,309-10,35.855,124.38,2026-02-09,30,7.66,32.46,,,,,,,,,,
서해,309,10,309-10,35.855,124.38,2026-02-09,50,7.65,32.47,,,,,,,,,,
서해,309,10,309-10,35.855,124.38,2026-02-09,75,7.64,32.47,,,,,,,,,,
서해,309,10,309-10,35.855,124.38,2026-02-09,100,,,,,,,,,,,,
서해,309,10,309-10,35.855,124.38,2026-02-09,125,,,,,,,,,,,,
서해,309,10,309-10,35.855,124.38,2026-02-09,150,,,,,,,,,,,,
서해,309,10,309-10,35.855,124.38,2026-02-09,200,,,,,,,,,,,,
서해,309,10,309-10,35.855,124.38,2026-02-09,250,,,,,,,,,,,,
서해,309,10,309-10,35.855,124.38,2026-02-09,300,,,,,,,,,,,,
서해,309,10,309-10,35.855,124.38,2026-02-09,400,,,,,,,,,,,,
서해,309,10,309-10,35.855,124.38,2026-02-09,500,,,,,,,,,,,,
서해,309,10,309-10,35.855,124.38,2026-04-17,0,12.66,32.23,,,,,,,,,,
서해,309,10,309-10,35.855,124.38,2026-04-17,10,10.59,32.25,,,,,,,,,,
서해,309,10,309-10,35.855,124.38,2026-04-17,20,9.99,32.24,,,,,,,,,,
서해,309,10,309-10,35.855,124.38,2026-04-17,30,7.79,32.30,,,,,,,,,,
서해,309,10,309-10,35.855,124.38,2026-04-17,50,7.55,32.30,,,,,,,,,,
서해,309,10,309-10,35.855,124.38,2026-04-17,75,7.54,32.37,,,,,,,,,,
서해,309,10,309-10,35.855,124.38,2026-06-14,0,21.26,32.37,,,,,,,,,,
서해,309,10,309-10,35.855,124.38,2026-06-14,10,21.21,32.37,,,,,,,,,,
서해,309,10,309-10,35.855,124.38,2026-06-14,20,15.85,32.33,,,,,,,,,,
서해,309,10,309-10,35.855,124.38,2026-06-14,30,12.17,32.37,,,,,,,,,,
서해,309,10,309-10,35.855,124.38,2026-06-14,50,8.48,32.44,,,,,,,,,,
서해,309,10,309-10,35.855,124.38,2026-06-14,75,8.91,32.67,,,,,,,,,,
서해,309,10,309-10,35.855,124.38,2026-08-17,0,28.93,31.39,,,,,,,,,,
서해,309,10,309-10,35.855,124.38,2026-08-17,10,28.94,31.39,,,,,,,,,,
서해,309,10,309-10,35.855,124.38,2026-08-17,20,21.53,32.29,,,,,,,,,,
서해,309,10,309-10,35.855,124.38,2026-08-17,30,14.37,32.52,,,,,,,,,,
서해,309,10,309-10,35.855,124.38,2026-08-17,50,9.12,32.75,,,,,,,,,,
서해,309,10,309-10,35.855,124.38,2026-08-17,75,9.22,32.80,,,,,,,,,,
서해,310,03,310-03,35.335,125.8217,2025-10-25,0,18.35,31.60,5.43,0.69,0.29,9.03,15.46,0.32,,3.00,1023.00,탐구8호
서해,310,03,310-03,35.335,125.8217,2025-10-25,10,18.38,31.94,5.43,,,,,,,3.00,1023.00,탐구8호
서해,310,03,310-03,35.335,125.8217,2025-10-25,20,18.03,32.10,5.46,0.74,0.21,9.74,15.65,0.78,,3.00,1023.00,탐구8호
서해,310,03,310-03,35.335,125.8217,2025-10-25,30,,,,,,,,,,3.00,1023.00,탐구8호
서해,310,03,310-03,35.335,125.8217,2025-10-25,50,,,,,,,,,,3.00,1023.00,탐구8호
서해,310,03,310-03,35.335,125.8217,2025-10-25,75,,,,,,,,,,3.00,1023.00,탐구8호
서해,310,03,310-03,35.335,125.8217,2025-12-13,0,11.14,32.03,6.49,0.54,1.40,5.65,12.82,0.78,,1.00,1025.00,탐구8호
서해,310,03,310-03,35.335,125.8217,2025-12-13,10,11.14,32.03,,,,,,,,1.00,1025.00,탐구8호
서해,310,03,310-03,35.335,125.8217,2025-12-13,20,11.19,32.04,6.39,0.56,1.42,5.46,12.83,0.88,,1.00,1025.00,탐구8호
서해,310,03,310-03,35.335,125.8217,2025-12-13,30,,,,,,,,,,1.00,1025.00,탐구8호
서해,310,03,310-03,35.335,125.8217,2025-12-13,50,,,,,,,,,,1.00,1025.00,탐구8호
서해,310,03,310-03,35.335,125.8217,2025-12-13,75,,,,,,,,,,1.00,1025.00,탐구8호
서해,310,03,310-03,35.335,125.8217,2026-02-10,0,5.10,32.27,,,,,,,,,,
서해,310,03,310-03,35.335,125.8217,2026-02-10,10,5.10,32.27,,,,,,,,,,
서해,310,03,310-03,35.335,125.8217,2026-02-10,20,5.10,32.27,,,,,,,,,,
서해,310,03,310-03,35.335,125.8217,2026-02-10,30,,,,,,,,,,,,
서해,310,03,310-03,35.335,125.8217,2026-02-10,50,,,,,,,,,,,,
서해,310,03,310-03,35.335,125.8217,2026-02-10,75,,,,,,,,,,,,
서해,310,03,310-03,35.335,125.8217,2026-02-10,100,,,,,,,,,,,,
서해,310,03,310-03,35.335,125.8217,2026-02-10,125,,,,,,,,,,,,
서해,310,03,310-03,35.335,125.8217,2026-02-10,150,,,,,,,,,,,,
서해,310,03,310-03,35.335,125.8217,2026-02-10,200,,,,,,,,,,,,
서해,310,03,310-03,35.335,125.8217,2026-02-10,250,,,,,,,,,,,,
서해,310,03,310-03,35.335,125.8217,2026-02-10,300,,,,,,,,,,,,
서해,310,03,310-03,35.335,125.8217,2026-02-10,400,,,,,,,,,,,,
서해,310,03,310-03,35.335,125.8217,2026-02-10,500,,,,,,,,,,,,
서해,310,03,310-03,35.335,125.8217,2026-04-18,0,9.91,31.85,,,,,,,,,,
서해,310,03,310-03,35.335,125.8217,2026-04-18,10,9.50,31.87,,,,,,,,,,
서해,310,03,310-03,35.335,125.8217,2026-04-18,20,8.64,31.96,,,,,,,,,,
서해,310,03,310-03,35.335,125.8217,2026-06-14,0,19.03,32.30,,,,,,,,,,
서해,310,03,310-03,35.335,125.8217,2026-06-14,10,16.38,32.28,,,,,,,,,,
서해,310,03,310-03,35.335,125.8217,2026-08-17,0,25.19,31.92,,,,,,,,,,
서해,310,03,310-03,35.335,125.8217,2026-08-17,10,23.52,31.98,,,,,,,,,,
서해,310,03,310-03,35.335,125.8217,2026-08-17,20,21.30,32.06,,,,,,,,,,
서해,310,04,310-04,35.335,125.6083,2025-10-25,0,18.56,31.96,5.41,,,,,,,9.00,1023.00,탐구8호
서해,310,04,310-04,35.335,125.6083,2025-10-25,10,18.57,31.96,5.41,,,,,,,9.00,1023.00,탐구8호
서해,310,04,310-04,35.335,125.6083,2025-10-25,20,18.57,31.97,5.41,,,,,,,9.00,1023.00,탐구8호
서해,310,04,310-04,35.335,125.6083,2025-10-25,30,18.68,32.30,5.39,,,,,,,9.00,1023.00,탐구8호
서해,310,04,310-04,35.335,125.6083,2025-10-25,50,15.26,32.79,5.74,,,,,,,9.00,1023.00,탐구8호
서해,310,04,310-04,35.335,125.6083,2025-10-25,75,,,,,,,,,,9.00,1023.00,탐구8호
서해,310,04,310-04,35.335,125.6083,2025-12-13,0,12.60,32.58,,,,,,,,3.00,1025.00,탐구8호
서해,310,04,310-04,35.335,125.6083,2025-12-13,10,12.60,32.58,,,,,,,,3.00,1025.00,탐구8호
서해,310,04,310-04,35.335,125.6083,2025-12-13,20,12.62,32.59,,,,,,,,3.00,1025.00,탐구8호
서해,310,04,310-04,35.335,125.6083,2025-12-13,30,12.65,32.60,,,,,,,,3.00,1025.00,탐구8호
서해,310,04,310-04,35.335,125.6083,2025-12-13,50,12.73,32.66,,,,,,,,3.00,1025.00,탐구8호
서해,310,04,310-04,35.335,125.6083,2025-12-13,75,,,,,,,,,,3.00,1025.00,탐구8호
서해,310,04,310-04,35.335,125.6083,2026-02-10,0,6.84,32.54,,,,,,,,,,
서해,310,04,310-04,35.335,125.6083,2026-02-10,10,6.84,32.54,,,,,,,,,,
서해,310,04,310-04,35.335,125.6083,2026-02-10,20,6.84,32.54,,,,,,,,,,
서해,310,04,310-04,35.335,125.6083,2026-02-10,30,6.84,32.54,,,,,,,,,,
서해,310,04,310-04,35.335,125.6083,2026-02-10,50,6.84,32.55,,,,,,,,,,
서해,310,04,310-04,35.335,125.6083,2026-02-10,75,,,,,,,,,,,,
서해,310,04,310-04,35.335,125.6083,2026-02-10,100,,,,,,,,,,,,
서해,310,04,310-04,35.335,125.6083,2026-02-10,125,,,,,,,,,,,,
서해,310,04,310-04,35.335,125.6083,2026-02-10,150,,,,,,,,,,,,
서해,310,04,310-04,35.335,125.6083,2026-02-10,200,,,,,,,,,,,,
서해,310,04,310-04,35.335,125.6083,2026-02-10,250,,,,,,,,,,,,
서해,310,04,310-04,35.335,125.6083,2026-02-10,300,,,,,,,,,,,,
서해,310,04,310-04,35.335,125.6083,2026-02-10,400,,,,,,,,,,,,
서해,310,04,310-04,35.335,125.6083,2026-02-10,500,,,,,,,,,,,,
서해,310,04,310-04,35.335,125.6083,2026-04-18,0,8.87,32.07,,,,,,,,,,
서해,310,04,310-04,35.335,125.6083,2026-04-18,10,7.43,32.28,,,,,,,,,,
서해,310,04,310-04,35.335,125.6083,2026-04-18,20,7.38,32.29,,,,,,,,,,
서해,310,04,310-04,35.335,125.6083,2026-04-18,30,7.38,32.30,,,,,,,,,,
서해,310,04,310-04,35.335,125.6083,2026-04-18,50,7.40,32.31,,,,,,,,,,
서해,310,04,310-04,35.335,125.6083,2026-06-14,0,22.13,32.06,,,,,,,,,,
서해,310,04,310-04,35.335,125.6083,2026-06-14,10,21.50,32.07,,,,,,,,,,
서해,310,04,310-04,35.335,125.6083,2026-06-14,20,10.52,32.55,,,,,,,,,,
서해,310,04,310-04,35.335,125.6083,2026-06-14,30,9.73,32.46,,,,,,,,,,
서해,310,04,310-04,35.335,125.6083,2026-06-14,50,9.68,32.43,,,,,,,,,,
서해,310,04,310-04,35.335,125.6083,2026-08-17,0,27.30,31.88,,,,,,,,,,
서해,310,04,310-04,35.335,125.6083,2026-08-17,10,25.27,32.56,,,,,,,,,,
서해,310,04,310-04,35.335,125.6083,2026-08-17,20,17.87,32.22,,,,,,,,,,
서해,310,04,310-04,35.335,125.6083,2026-08-17,30,17.11,32.23,,,,,,,,,,
서해,310,04,310-04,35.335,125.6083,2026-08-17,50,15.69,32.26,,,,,,,,,,
서해,310,05,310-05,35.335,125.4067,2025-10-25,0,18.40,31.97,5.43,0.50,0.49,6.75,10.84,0.91,,,1027.00,탐구8호
서해,310,05,310-05,35.335,125.4067,2025-10-25,10,18.40,31.97,5.43,,,,,,,,1027.00,탐구8호
서해,310,05,310-05,35.335,125.4067,2025-10-25,20,18.44,32.00,5.42,0.40,0.64,5.72,7.55,0.77,,,1027.00,탐구8호
서해,310,05,310-05,35.335,125.4067,2025-10-25,30,18.26,32.40,5.43,,,,,,,,1027.00,탐구8호
서해,310,05,310-05,35.335,125.4067,2025-10-25,50,14.50,32.95,5.82,0.87,0.11,12.33,16.57,0.44,,,1027.00,탐구8호
서해,310,05,310-05,35.335,125.4067,2025-10-25,75,,,,,,,,,,,1027.00,탐구8호
서해,310,05,310-05,35.335,125.4067,2025-12-13,0,12.65,32.81,5.12,0.84,0.14,11.55,15.80,0.23,,5.20,1027.00,탐구8호
서해,310,05,310-05,35.335,125.4067,2025-12-13,10,12.66,32.81,,,,,,,,5.20,1027.00,탐구8호
서해,310,05,310-05,35.335,125.4067,2025-12-13,20,12.66,32.81,5.09,0.86,0.15,11.52,15.78,0.29,,5.20,1027.00,탐구8호
서해,310,05,310-05,35.335,125.4067,2025-12-13,30,12.65,32.81,,,,,,,,5.20,1027.00,탐구8호
서해,310,05,310-05,35.335,125.4067,2025-12-13,50,12.66,32.82,4.91,0.86,0.15,11.54,15.87,0.26,,5.20,1027.00,탐구8호
서해,310,05,310-05,35.335,125.4067,2025-12-13,75,,,,,,,,,,5.20,1027.00,탐구8호
서해,310,05,310-05,35.335,125.4067,2026-02-10,0,7.41,32.70,,,,,,,,,,
서해,310,05,310-05,35.335,125.4067,2026-02-10,10,7.41,32.70,,,,,,,,,,
서해,310,05,310-05,35.335,125.4067,2026-02-10,20,7.42,32.70,,,,,,,,,,
서해,310,05,310-05,35.335,125.4067,2026-02-10,30,7.42,32.70,,,,,,,,,,
서해,310,05,310-05,35.335,125.4067,2026-02-10,50,7.42,32.70,,,,,,,,,,
서해,310,05,310-05,35.335,125.4067,2026-02-10,75,,,,,,,,,,,,
서해,310,05,310-05,35.335,125.4067,2026-02-10,100,,,,,,,,,,,,
서해,310,05,310-05,35.335,125.4067,2026-02-10,125,,,,,,,,,,,,
서해,310,05,310-05,35.335,125.4067,2026-02-10,150,,,,,,,,,,,,
서해,310,05,310-05,35.335,125.4067,2026-02-10,200,,,,,,,,,,,,
서해,310,05,310-05,35.335,125.4067,2026-02-10,250,,,,,,,,,,,,
서해,310,05,310-05,35.335,125.4067,2026-02-10,300,,,,,,,,,,,,
서해,310,05,310-05,35.335,125.4067,2026-02-10,400,,,,,,,,,,,,
서해,310,05,310-05,35.335,125.4067,2026-02-10,500,,,,,,,,,,,,
서해,310,05,310-05,35.335,125.4067,2026-04-18,0,10.86,32.18,,,,,,,,,,
서해,310,05,310-05,35.335,125.4067,2026-04-18,10,10.51,32.22,,,,,,,,,,
서해,310,05,310-05,35.335,125.4067,2026-04-18,20,7.23,32.38,,,,,,,,,,
서해,310,05,310-05,35.335,125.4067,2026-04-18,30,7.12,32.36,,,,,,,,,,
서해,310,05,310-05,35.335,125.4067,2026-04-18,50,7.10,32.35,,,,,,,,,,
서해,310,05,310-05,35.335,125.4067,2026-06-14,0,21.34,32.09,,,,,,,,,,
서해,310,05,310-05,35.335,125.4067,2026-06-14,10,20.90,32.09,,,,,,,,,,
서해,310,05,310-05,35.335,125.4067,2026-06-14,20,10.62,32.54,,,,,,,,,,
서해,310,05,310-05,35.335,125.4067,2026-06-14,30,9.73,32.49,,,,,,,,,,
서해,310,05,310-05,35.335,125.4067,2026-06-14,50,9.19,32.44,,,,,,,,,,
서해,310,05,310-05,35.335,125.4067,2026-08-17,0,27.93,31.56,,,,,,,,,,
서해,310,05,310-05,35.335,125.4067,2026-08-17,10,27.44,31.71,,,,,,,,,,
서해,310,05,310-05,35.335,125.4067,2026-08-17,20,25.22,32.27,,,,,,,,,,
서해,310,05,310-05,35.335,125.4067,2026-08-17,30,14.15,32.36,,,,,,,,,,
서해,310,05,310-05,35.335,125.4067,2026-08-17,50,12.68,32.35,,,,,,,,,,
서해,310,06,310-06,35.335,125.2017,2025-10-25,0,18.03,32.44,5.45,,,,,,,,1025.00,탐구8호
서해,310,06,310-06,35.335,125.2017,2025-10-25,10,18.03,32.44,5.45,,,,,,,,1025.00,탐구8호
서해,310,06,310-06,35.335,125.2017,2025-10-25,20,18.03,32.44,5.45,,,,,,,,1025.00,탐구8호
서해,310,06,310-06,35.335,125.2017,2025-10-25,30,18.04,32.44,5.45,,,,,,,,1025.00,탐구8호
서해,310,06,310-06,35.335,125.2017,2025-10-25,50,13.28,33.15,5.96,,,,,,,,1025.00,탐구8호
서해,310,06,310-06,35.335,125.2017,2025-10-25,75,11.74,33.22,6.15,,,,,,,,1025.00,탐구8호
서해,310,06,310-06,35.335,125.2017,2025-12-13,0,12.53,32.67,,,,,,,,,1027.00,탐구8호
서해,310,06,310-06,35.335,125.2017,2025-12-13,10,12.52,32.67,,,,,,,,,1027.00,탐구8호
서해,310,06,310-06,35.335,125.2017,2025-12-13,20,12.52,32.67,,,,,,,,,1027.00,탐구8호
서해,310,06,310-06,35.335,125.2017,2025-12-13,30,12.51,32.67,,,,,,,,,1027.00,탐구8호
서해,310,06,310-06,35.335,125.2017,2025-12-13,50,12.51,32.76,,,,,,,,,1027.00,탐구8호
서해,310,06,310-06,35.335,125.2017,2025-12-13,75,11.71,33.05,,,,,,,,,1027.00,탐구8호
서해,310,06,310-06,35.335,125.2017,2026-02-10,0,7.23,32.60,,,,,,,,,,
서해,310,06,310-06,35.335,125.2017,2026-02-10,10,7.24,32.60,,,,,,,,,,
서해,310,06,310-06,35.335,125.2017,2026-02-10,20,7.24,32.60,,,,,,,,,,
서해,310,06,310-06,35.335,125.2017,2026-02-10,30,7.24,32.60,,,,,,,,,,
서해,310,06,310-06,35.335,125.2017,2026-02-10,50,7.25,32.60,,,,,,,,,,
서해,310,06,310-06,35.335,125.2017,2026-02-10,75,7.25,32.60,,,,,,,,,,
서해,310,06,310-06,35.335,125.2017,2026-02-10,100,,,,,,,,,,,,
서해,310,06,310-06,35.335,125.2017,2026-02-10,125,,,,,,,,,,,,
서해,310,06,310-06,35.335,125.2017,2026-02-10,150,,,,,,,,,,,,
서해,310,06,310-06,35.335,125.2017,2026-02-10,200,,,,,,,,,,,,
서해,310,06,310-06,35.335,125.2017,2026-02-10,250,,,,,,,,,,,,
서해,310,06,310-06,35.335,125.2017,2026-02-10,300,,,,,,,,,,,,
서해,310,06,310-06,35.335,125.2017,2026-02-10,400,,,,,,,,,,,,
서해,310,06,310-06,35.335,125.2017,2026-02-10,500,,,,,,,,,,,,
서해,310,06,310-06,35.335,125.2017,2026-04-18,0,11.42,32.31,,,,,,,,,,
서해,310,06,310-06,35.335,125.2017,2026-04-18,10,11.40,32.34,,,,,,,,,,
서해,310,06,310-06,35.335,125.2017,2026-04-18,20,7.15,32.42,,,,,,,,,,
서해,310,06,310-06,35.335,125.2017,2026-04-18,30,7.09,32.38,,,,,,,,,,
서해,310,06,310-06,35.335,125.2017,2026-04-18,50,7.08,32.37,,,,,,,,,,
서해,310,06,310-06,35.335,125.2017,2026-06-14,0,21.40,32.08,,,,,,,,,,
서해,310,06,310-06,35.335,125.2017,2026-06-14,10,21.33,32.08,,,,,,,,,,
서해,310,06,310-06,35.335,125.2017,2026-06-14,20,13.91,32.16,,,,,,,,,,
서해,310,06,310-06,35.335,125.2017,2026-06-14,30,7.50,32.38,,,,,,,,,,
서해,310,06,310-06,35.335,125.2017,2026-06-14,50,7.37,32.32,,,,,,,,,,
서해,310,06,310-06,35.335,125.2017,2026-06-14,75,7.38,32.31,,,,,,,,,,
서해,310,06,310-06,35.335,125.2017,2026-08-17,0,28.86,31.60,,,,,,,,,,
서해,310,06,310-06,35.335,125.2017,2026-08-17,10,28.74,31.60,,,,,,,,,,
서해,310,06,310-06,35.335,125.2017,2026-08-17,20,22.61,31.97,,,,,,,,,,
서해,310,06,310-06,35.335,125.2017,2026-08-17,30,10.26,32.49,,,,,,,,,,
서해,310,06,310-06,35.335,125.2017,2026-08-17,50,9.51,32.40,,,,,,,,,,
서해,310,06,310-06,35.335,125.2017,2026-08-17,75,9.48,32.38,,,,,,,,,,
서해,310,07,310-07,35.335,125,2025-10-25,0,18.73,32.30,5.38,0.11,0.20,2.53,3.98,1.42,,,1025.00,탐구8호
서해,310,07,310-07,35.335,125,2025-10-25,10,18.72,32.30,5.38,,,,,,,,1025.00,탐구8호
서해,310,07,310-07,35.335,125,2025-10-25,20,18.69,32.32,5.39,0.27,0.26,4.68,5.98,0.99,,,1025.00,탐구8호
서해,310,07,310-07,35.335,125,2025-10-25,30,18.56,32.36,5.40,,,,,,,,1025.00,탐구8호
서해,310,07,310-07,35.335,125,2025-10-25,50,12.64,33.21,6.04,1.00,0.05,13.70,18.11,0.11,,,1025.00,탐구8호
서해,310,07,310-07,35.335,125,2025-10-25,75,11.50,33.26,6.18,,,,,,,,1025.00,탐구8호
서해,310,07,310-07,35.335,125,2025-12-13,0,12.61,32.54,6.10,0.35,0.55,5.20,8.35,0.41,,,1027.00,탐구8호
서해,310,07,310-07,35.335,125,2025-12-13,10,12.63,32.54,,,,,,,,,1027.00,탐구8호
서해,310,07,310-07,35.335,125,2025-12-13,20,12.76,32.60,6.06,0.42,0.59,6.14,9.38,0.60,,,1027.00,탐구8호
서해,310,07,310-07,35.335,125,2025-12-13,30,12.84,32.63,,,,,,,,,1027.00,탐구8호
서해,310,07,310-07,35.335,125,2025-12-13,50,11.22,33.17,3.54,1.17,0.14,14.99,20.56,0.07,,,1027.00,탐구8호
서해,310,07,310-07,35.335,125,2025-12-13,75,11.08,33.24,,,,,,,,,1027.00,탐구8호
서해,310,07,310-07,35.335,125,2026-02-10,0,7.81,32.65,,,,,,,,,,
서해,310,07,310-07,35.335,125,2026-02-10,10,7.81,32.65,,,,,,,,,,
서해,310,07,310-07,35.335,125,2026-02-10,20,7.81,32.65,,,,,,,,,,
서해,310,07,310-07,35.335,125,2026-02-10,30,7.81,32.65,,,,,,,,,,
서해,310,07,310-07,35.335,125,2026-02-10,50,7.82,32.65,,,,,,,,,,
서해,310,07,310-07,35.335,125,2026-02-10,75,7.77,32.66,,,,,,,,,,
서해,310,07,310-07,35.335,125,2026-02-10,100,,,,,,,,,,,,
서해,310,07,310-07,35.335,125,2026-02-10,125,,,,,,,,,,,,
서해,310,07,310-07,35.335,125,2026-02-10,150,,,,,,,,,,,,
서해,310,07,310-07,35.335,125,2026-02-10,200,,,,,,,,,,,,
서해,310,07,310-07,35.335,125,2026-02-10,250,,,,,,,,,,,,
서해,310,07,310-07,35.335,125,2026-02-10,300,,,,,,,,,,,,
서해,310,07,310-07,35.335,125,2026-02-10,400,,,,,,,,,,,,
서해,310,07,310-07,35.335,125,2026-02-10,500,,,,,,,,,,,,
서해,310,07,310-07,35.335,125,2026-04-18,0,11.56,32.24,,,,,,,,,,
서해,310,07,310-07,35.335,125,2026-04-18,10,10.87,32.26,,,,,,,,,,
서해,310,07,310-07,35.335,125,2026-04-18,20,8.28,32.39,,,,,,,,,,
서해,310,07,310-07,35.335,125,2026-04-18,30,7.37,32.48,,,,,,,,,,
서해,310,07,310-07,35.335,125,2026-04-18,50,7.39,32.48,,,,,,,,,,
서해,310,07,310-07,35.335,125,2026-04-18,75,7.40,32.49,,,,,,,,,,
서해,310,07,310-07,35.335,125,2026-06-14,0,21.19,32.09,,,,,,,,,,
서해,310,07,310-07,35.335,125,2026-06-14,10,20.72,32.10,,,,,,,,,,
서해,310,07,310-07,35.335,125,2026-06-14,20,13.72,32.21,,,,,,,,,,
서해,310,07,310-07,35.335,125,2026-06-14,30,7.44,32.42,,,,,,,,,,
서해,310,07,310-07,35.335,125,2026-06-14,50,7.34,32.36,,,,,,,,,,
서해,310,07,310-07,35.335,125,2026-06-14,75,7.34,32.35,,,,,,,,,,
서해,310,07,310-07,35.335,125,2026-08-17,0,28.44,31.33,,,,,,,,,,
서해,310,07,310-07,35.335,125,2026-08-17,10,28.37,31.38,,,,,,,,,,
서해,310,07,310-07,35.335,125,2026-08-17,20,22.21,31.97,,,,,,,,,,
서해,310,07,310-07,35.335,125,2026-08-17,30,11.00,32.48,,,,,,,,,,
서해,310,07,310-07,35.335,125,2026-08-17,50,8.36,32.39,,,,,,,,,,
서해,310,07,310-07,35.335,125,2026-08-17,75,8.33,32.37,,,,,,,,,,
서해,310,08,310-08,35.335,124.7983,2025-10-25,0,19.25,32.21,5.33,,,,,,,,1025.00,탐구8호
서해,310,08,310-08,35.335,124.7983,2025-10-25,10,19.24,32.22,5.34,,,,,,,,1025.00,탐구8호
서해,310,08,310-08,35.335,124.7983,2025-10-25,20,19.09,32.28,5.35,,,,,,,,1025.00,탐구8호
서해,310,08,310-08,35.335,124.7983,2025-10-25,30,13.19,33.18,5.97,,,,,,,,1025.00,탐구8호
서해,310,08,310-08,35.335,124.7983,2025-10-25,50,12.24,33.25,6.09,,,,,,,,1025.00,탐구8호
서해,310,08,310-08,35.335,124.7983,2025-10-25,75,11.27,33.30,6.21,,,,,,,,1025.00,탐구8호
서해,310,08,310-08,35.335,124.7983,2025-12-13,0,12.74,32.59,,,,,,,,,1028.00,탐구8호
서해,310,08,310-08,35.335,124.7983,2025-12-13,10,12.75,32.59,,,,,,,,,1028.00,탐구8호
서해,310,08,310-08,35.335,124.7983,2025-12-13,20,12.76,32.59,,,,,,,,,1028.00,탐구8호
서해,310,08,310-08,35.335,124.7983,2025-12-13,30,12.77,32.60,,,,,,,,,1028.00,탐구8호
서해,310,08,310-08,35.335,124.7983,2025-12-13,50,12.00,33.02,,,,,,,,,1028.00,탐구8호
서해,310,08,310-08,35.335,124.7983,2025-12-13,75,10.83,33.32,,,,,,,,,1028.00,탐구8호
서해,310,08,310-08,35.335,124.7983,2026-02-10,0,7.86,32.65,,,,,,,,,,
서해,310,08,310-08,35.335,124.7983,2026-02-10,10,7.86,32.65,,,,,,,,,,
서해,310,08,310-08,35.335,124.7983,2026-02-10,20,7.77,32.65,,,,,,,,,,
서해,310,08,310-08,35.335,124.7983,2026-02-10,30,7.80,32.67,,,,,,,,,,
서해,310,08,310-08,35.335,124.7983,2026-02-10,50,7.79,32.67,,,,,,,,,,
서해,310,08,310-08,35.335,124.7983,2026-02-10,75,7.75,32.67,,,,,,,,,,
서해,310,08,310-08,35.335,124.7983,2026-02-10,100,,,,,,,,,,,,
서해,310,08,310-08,35.335,124.7983,2026-02-10,125,,,,,,,,,,,,
서해,310,08,310-08,35.335,124.7983,2026-02-10,150,,,,,,,,,,,,
서해,310,08,310-08,35.335,124.7983,2026-02-10,200,,,,,,,,,,,,
서해,310,08,310-08,35.335,124.7983,2026-02-10,250,,,,,,,,,,,,
서해,310,08,310-08,35.335,124.7983,2026-02-10,300,,,,,,,,,,,,
서해,310,08,310-08,35.335,124.7983,2026-02-10,400,,,,,,,,,,,,
서해,310,08,310-08,35.335,124.7983,2026-02-10,500,,,,,,,,,,,,
서해,310,08,310-08,35.335,124.7983,2026-04-18,0,11.70,32.27,,,,,,,,,,
서해,310,08,310-08,35.335,124.7983,2026-04-18,10,11.25,32.28,,,,,,,,,,
서해,310,08,310-08,35.335,124.7983,2026-04-18,20,9.29,32.34,,,,,,,,,,
서해,310,08,310-08,35.335,124.7983,2026-04-18,30,7.77,32.44,,,,,,,,,,
서해,310,08,310-08,35.335,124.7983,2026-04-18,50,7.68,32.50,,,,,,,,,,
서해,310,08,310-08,35.335,124.7983,2026-04-18,75,7.68,32.50,,,,,,,,,,
서해,310,08,310-08,35.335,124.7983,2026-06-14,0,21.49,32.14,,,,,,,,,,
서해,310,08,310-08,35.335,124.7983,2026-06-14,10,20.03,32.12,,,,,,,,,,
서해,310,08,310-08,35.335,124.7983,2026-06-14,20,13.66,32.20,,,,,,,,,,
서해,310,08,310-08,35.335,124.7983,2026-06-14,30,9.09,32.25,,,,,,,,,,
서해,310,08,310-08,35.335,124.7983,2026-06-14,50,7.64,32.40,,,,,,,,,,
서해,310,08,310-08,35.335,124.7983,2026-06-14,75,7.64,32.39,,,,,,,,,,
서해,310,08,310-08,35.335,124.7983,2026-08-17,0,28.63,31.37,,,,,,,,,,
서해,310,08,310-08,35.335,124.7983,2026-08-17,10,28.60,31.60,,,,,,,,,,
서해,310,08,310-08,35.335,124.7983,2026-08-17,20,22.49,32.14,,,,,,,,,,
서해,310,08,310-08,35.335,124.7983,2026-08-17,30,13.88,32.36,,,,,,,,,,
서해,310,08,310-08,35.335,124.7983,2026-08-17,50,8.13,32.46,,,,,,,,,,
서해,310,08,310-08,35.335,124.7983,2026-08-17,75,8.12,32.43,,,,,,,,,,
서해,310,09,310-09,35.335,124.5933,2025-10-25,0,18.94,32.13,5.37,0.08,0.06,1.88,5.24,1.41,,,1025.00,탐구8호
서해,310,09,310-09,35.335,124.5933,2025-10-25,10,18.94,32.14,5.37,,,,,,,,1025.00,탐구8호
서해,310,09,310-09,35.335,124.5933,2025-10-25,20,18.46,32.31,5.41,0.28,0.25,4.79,6.07,0.66,,,1025.00,탐구8호
서해,310,09,310-09,35.335,124.5933,2025-10-25,30,14.31,33.05,5.84,,,,,,,,1025.00,탐구8호
서해,310,09,310-09,35.335,124.5933,2025-10-25,50,10.89,33.37,6.26,1.05,0.08,13.68,18.54,0.07,,,1025.00,탐구8호
서해,310,09,310-09,35.335,124.5933,2025-10-25,75,10.79,33.38,6.27,,,,,,,,1025.00,탐구8호
서해,310,09,310-09,35.335,124.5933,2025-12-13,0,12.85,32.46,6.20,0.29,0.55,4.42,7.28,0.45,,,1028.00,탐구8호
서해,310,09,310-09,35.335,124.5933,2025-12-13,10,12.87,32.46,,,,,,,,,1028.00,탐구8호
서해,310,09,310-09,35.335,124.5933,2025-12-13,20,12.86,32.46,6.10,0.30,0.55,4.36,7.58,0.50,,,1028.00,탐구8호
서해,310,09,310-09,35.335,124.5933,2025-12-13,30,12.87,32.46,,,,,,,,,1028.00,탐구8호
서해,310,09,310-09,35.335,124.5933,2025-12-13,50,13.20,32.63,5.26,0.67,0.57,9.34,13.08,0.11,,,1028.00,탐구8호
서해,310,09,310-09,35.335,124.5933,2025-12-13,75,10.75,33.38,,,,,,,,,1028.00,탐구8호
서해,310,09,310-09,35.335,124.5933,2026-02-10,0,7.98,32.70,,,,,,,,,,
서해,310,09,310-09,35.335,124.5933,2026-02-10,10,7.99,32.70,,,,,,,,,,
서해,310,09,310-09,35.335,124.5933,2026-02-10,20,7.99,32.70,,,,,,,,,,
서해,310,09,310-09,35.335,124.5933,2026-02-10,30,7.98,32.70,,,,,,,,,,
서해,310,09,310-09,35.335,124.5933,2026-02-10,50,8.00,32.70,,,,,,,,,,
서해,310,09,310-09,35.335,124.5933,2026-02-10,75,8.00,32.71,,,,,,,,,,
서해,310,09,310-09,35.335,124.5933,2026-02-10,100,,,,,,,,,,,,
서해,310,09,310-09,35.335,124.5933,2026-02-10,125,,,,,,,,,,,,
서해,310,09,310-09,35.335,124.5933,2026-02-10,150,,,,,,,,,,,,
서해,310,09,310-09,35.335,124.5933,2026-02-10,200,,,,,,,,,,,,
서해,310,09,310-09,35.335,124.5933,2026-02-10,250,,,,,,,,,,,,
서해,310,09,310-09,35.335,124.5933,2026-02-10,300,,,,,,,,,,,,
서해,310,09,310-09,35.335,124.5933,2026-02-10,400,,,,,,,,,,,,
서해,310,09,310-09,35.335,124.5933,2026-02-10,500,,,,,,,,,,,,
서해,310,09,310-09,35.335,124.5933,2026-04-18,0,12.26,32.29,,,,,,,,,,
서해,310,09,310-09,35.335,124.5933,2026-04-18,10,10.73,32.31,,,,,,,,,,
서해,310,09,310-09,35.335,124.5933,2026-04-18,20,9.57,32.32,,,,,,,,,,
서해,310,09,310-09,35.335,124.5933,2026-04-18,30,8.02,32.42,,,,,,,,,,
서해,310,09,310-09,35.335,124.5933,2026-04-18,50,7.76,32.48,,,,,,,,,,
서해,310,09,310-09,35.335,124.5933,2026-04-18,75,7.77,32.49,,,,,,,,,,
서해,310,09,310-09,35.335,124.5933,2026-06-14,0,21.42,32.32,,,,,,,,,,
서해,310,09,310-09,35.335,124.5933,2026-06-14,10,20.46,32.32,,,,,,,,,,
서해,310,09,310-09,35.335,124.5933,2026-06-14,20,16.13,32.30,,,,,,,,,,
서해,310,09,310-09,35.335,124.5933,2026-06-14,30,11.89,32.24,,,,,,,,,,
서해,310,09,310-09,35.335,124.5933,2026-06-14,50,7.98,32.48,,,,,,,,,,
서해,310,09,310-09,35.335,124.5933,2026-06-14,75,8.27,32.56,,,,,,,,,,
서해,310,09,310-09,35.335,124.5933,2026-08-17,0,28.69,31.30,,,,,,,,,,
서해,310,09,310-09,35.335,124.5933,2026-08-17,10,28.73,31.53,,,,,,,,,,
서해,310,09,310-09,35.335,124.5933,2026-08-17,20,25.48,32.10,,,,,,,,,,
서해,310,09,310-09,35.335,124.5933,2026-08-17,30,14.06,32.52,,,,,,,,,,
서해,310,09,310-09,35.335,124.5933,2026-08-17,50,8.86,32.74,,,,,,,,,,
서해,310,09,310-09,35.335,124.5933,2026-08-17,75,9.01,32.78,,,,,,,,,,
서해,310,10,310-10,35.335,124.3917,2025-10-24,0,18.72,32.20,5.39,,,,,,,,1025.00,탐구8호
서해,310,10,310-10,35.335,124.3917,2025-10-24,10,18.73,32.20,5.39,,,,,,,,1025.00,탐구8호
서해,310,10,310-10,35.335,124.3917,2025-10-24,20,18.73,32.20,5.39,,,,,,,,1025.00,탐구8호
서해,310,10,310-10,35.335,124.3917,2025-10-24,30,13.52,33.12,5.93,,,,,,,,1025.00,탐구8호
서해,310,10,310-10,35.335,124.3917,2025-10-24,50,10.70,33.44,6.28,,,,,,,,1025.00,탐구8호
서해,310,10,310-10,35.335,124.3917,2025-10-24,75,10.69,33.43,6.28,,,,,,,,1025.00,탐구8호
서해,310,10,310-10,35.335,124.3917,2025-12-13,0,12.90,32.50,,,,,,,,,1028.00,탐구8호
서해,310,10,310-10,35.335,124.3917,2025-12-13,10,12.89,32.50,,,,,,,,,1028.00,탐구8호
서해,310,10,310-10,35.335,124.3917,2025-12-13,20,12.90,32.50,,,,,,,,,1028.00,탐구8호
서해,310,10,310-10,35.335,124.3917,2025-12-13,30,12.91,32.51,,,,,,,,,1028.00,탐구8호
서해,310,10,310-10,35.335,124.3917,2025-12-13,50,12.09,33.10,,,,,,,,,1028.00,탐구8호
서해,310,10,310-10,35.335,124.3917,2025-12-13,75,10.83,33.41,,,,,,,,,1028.00,탐구8호
서해,310,10,310-10,35.335,124.3917,2026-02-10,0,8.03,32.65,,,,,,,,,,
서해,310,10,310-10,35.335,124.3917,2026-02-10,10,8.01,32.65,,,,,,,,,,
서해,310,10,310-10,35.335,124.3917,2026-02-10,20,7.94,32.64,,,,,,,,,,
서해,310,10,310-10,35.335,124.3917,2026-02-10,30,7.95,32.65,,,,,,,,,,
서해,310,10,310-10,35.335,124.3917,2026-02-10,50,7.94,32.65,,,,,,,,,,
서해,310,10,310-10,35.335,124.3917,2026-02-10,75,7.95,32.66,,,,,,,,,,
서해,310,10,310-10,35.335,124.3917,2026-02-10,100,,,,,,,,,,,,
서해,310,10,310-10,35.335,124.3917,2026-02-10,125,,,,,,,,,,,,
서해,310,10,310-10,35.335,124.3917,2026-02-10,150,,,,,,,,,,,,
서해,310,10,310-10,35.335,124.3917,2026-02-10,200,,,,,,,,,,,,
서해,310,10,310-10,35.335,124.3917,2026-02-10,250,,,,,,,,,,,,
서해,310,10,310-10,35.335,124.3917,2026-02-10,300,,,,,,,,,,,,
서해,310,10,310-10,35.335,124.3917,2026-02-10,400,,,,,,,,,,,,
서해,310,10,310-10,35.335,124.3917,2026-02-10,500,,,,,,,,,,,,
서해,310,10,310-10,35.335,124.3917,2026-04-18,0,12.82,32.29,,,,,,,,,,
서해,310,10,310-10,35.335,124.3917,2026-04-18,10,11.02,32.31,,,,,,,,,,
서해,310,10,310-10,35.335,124.3917,2026-04-18,20,9.85,32.32,,,,,,,,,,
서해,310,10,310-10,35.335,124.3917,2026-04-18,30,8.63,32.35,,,,,,,,,,
서해,310,10,310-10,35.335,124.3917,2026-04-18,50,7.87,32.38,,,,,,,,,,
서해,310,10,310-10,35.335,124.3917,2026-04-18,75,7.97,32.52,,,,,,,,,,
서해,310,10,310-10,35.335,124.3917,2026-06-14,0,21.55,32.42,,,,,,,,,,
서해,310,10,310-10,35.335,124.3917,2026-06-14,10,21.51,32.42,,,,,,,,,,
서해,310,10,310-10,35.335,124.3917,2026-06-14,20,17.30,32.50,,,,,,,,,,
서해,310,10,310-10,35.335,124.3917,2026-06-14,30,12.90,32.49,,,,,,,,,,
서해,310,10,310-10,35.335,124.3917,2026-06-14,50,8.99,32.76,,,,,,,,,,
서해,310,10,310-10,35.335,124.3917,2026-06-14,75,9.18,32.86,,,,,,,,,,
서해,310,10,310-10,35.335,124.3917,2026-08-17,0,28.83,31.50,,,,,,,,,,
서해,310,10,310-10,35.335,124.3917,2026-08-17,10,28.83,31.51,,,,,,,,,,
서해,310,10,310-10,35.335,124.3917,2026-08-17,20,25.35,32.09,,,,,,,,,,
서해,310,10,310-10,35.335,124.3917,2026-08-17,30,16.74,32.47,,,,,,,,,,
서해,310,10,310-10,35.335,124.3917,2026-08-17,50,9.37,32.97,,,,,,,,,,
서해,310,10,310-10,35.335,124.3917,2026-08-17,75,9.50,33.01,,,,,,,,,,
서해,311,04,311-04,34.7167,125.7317,2025-10-26,0,19.24,32.06,5.34,,,,,,,,1020.00,탐구8호
서해,311,04,311-04,34.7167,125.7317,2025-10-26,10,19.23,32.06,5.34,,,,,,,,1020.00,탐구8호
서해,311,04,311-04,34.7167,125.7317,2025-10-26,20,18.89,32.18,5.37,,,,,,,,1020.00,탐구8호
서해,311,04,311-04,34.7167,125.7317,2025-10-26,30,18.57,32.28,5.40,,,,,,,,1020.00,탐구8호
서해,311,04,311-04,34.7167,125.7317,2025-10-26,50,,,,,,,,,,,1020.00,탐구8호
서해,311,04,311-04,34.7167,125.7317,2025-10-26,75,,,,,,,,,,,1020.00,탐구8호
서해,311,04,311-04,34.7167,125.7317,2025-12-15,0,11.17,32.10,,,,,,,,1.00,1026.00,탐구8호
서해,311,04,311-04,34.7167,125.7317,2025-12-15,10,11.28,32.15,,,,,,,,1.00,1026.00,탐구8호
서해,311,04,311-04,34.7167,125.7317,2025-12-15,20,11.48,32.19,,,,,,,,1.00,1026.00,탐구8호
서해,311,04,311-04,34.7167,125.7317,2025-12-15,30,11.46,32.18,,,,,,,,1.00,1026.00,탐구8호
서해,311,04,311-04,34.7167,125.7317,2025-12-15,50,,,,,,,,,,1.00,1026.00,탐구8호
서해,311,04,311-04,34.7167,125.7317,2025-12-15,75,,,,,,,,,,1.00,1026.00,탐구8호
서해,311,04,311-04,34.7167,125.7317,2026-02-11,0,4.08,32.27,,,,,,,,,,
서해,311,04,311-04,34.7167,125.7317,2026-02-11,10,4.07,32.27,,,,,,,,,,
서해,311,04,311-04,34.7167,125.7317,2026-02-11,20,4.12,32.28,,,,,,,,,,
서해,311,04,311-04,34.7167,125.7317,2026-02-11,30,4.12,32.28,,,,,,,,,,
서해,311,04,311-04,34.7167,125.7317,2026-02-11,50,,,,,,,,,,,,
서해,311,04,311-04,34.7167,125.7317,2026-02-11,75,,,,,,,,,,,,
서해,311,04,311-04,34.7167,125.7317,2026-02-11,100,,,,,,,,,,,,
서해,311,04,311-04,34.7167,125.7317,2026-02-11,125,,,,,,,,,,,,
서해,311,04,311-04,34.7167,125.7317,2026-02-11,150,,,,,,,,,,,,
서해,311,04,311-04,34.7167,125.7317,2026-02-11,200,,,,,,,,,,,,
서해,311,04,311-04,34.7167,125.7317,2026-02-11,250,,,,,,,,,,,,
서해,311,04,311-04,34.7167,125.7317,2026-02-11,300,,,,,,,,,,,,
서해,311,04,311-04,34.7167,125.7317,2026-02-11,400,,,,,,,,,,,,
서해,311,04,311-04,34.7167,125.7317,2026-02-11,500,,,,,,,,,,,,
서해,311,04,311-04,34.7167,125.7317,2026-04-19,0,9.99,32.73,,,,,,,,,,
서해,311,04,311-04,34.7167,125.7317,2026-04-19,10,9.95,32.74,,,,,,,,,,
서해,311,04,311-04,34.7167,125.7317,2026-04-19,20,9.96,32.74,,,,,,,,,,
서해,311,04,311-04,34.7167,125.7317,2026-04-19,30,9.99,32.74,,,,,,,,,,
서해,311,04,311-04,34.7167,125.7317,2026-06-15,0,14.74,32.62,,,,,,,,,,
서해,311,04,311-04,34.7167,125.7317,2026-06-15,10,14.37,32.62,,,,,,,,,,
서해,311,04,311-04,34.7167,125.7317,2026-06-15,20,13.60,32.60,,,,,,,,,,
서해,311,04,311-04,34.7167,125.7317,2026-06-15,30,13.52,32.59,,,,,,,,,,
서해,311,04,311-04,34.7167,125.7317,2026-08-18,0,22.62,32.05,,,,,,,,,,
서해,311,04,311-04,34.7167,125.7317,2026-08-18,10,21.18,32.11,,,,,,,,,,
서해,311,04,311-04,34.7167,125.7317,2026-08-18,20,21.06,32.10,,,,,,,,,,
서해,311,04,311-04,34.7167,125.7317,2026-08-18,30,21.01,32.10,,,,,,,,,,
서해,311,05,311-05,34.7167,125.5317,2025-10-26,0,18.60,32.19,5.40,0.64,0.17,10.30,16.05,0.34,,1.50,1020.00,탐구8호
서해,311,05,311-05,34.7167,125.5317,2025-10-26,10,18.47,32.23,5.41,,,,,,,1.50,1020.00,탐구8호
서해,311,05,311-05,34.7167,125.5317,2025-10-26,20,18.11,32.37,5.45,0.63,0.26,9.56,13.95,0.33,,1.50,1020.00,탐구8호
서해,311,05,311-05,34.7167,125.5317,2025-10-26,30,17.96,32.42,5.46,,,,,,,1.50,1020.00,탐구8호
서해,311,05,311-05,34.7167,125.5317,2025-10-26,50,17.25,32.63,5.53,0.64,0.37,9.59,13.19,0.32,,1.50,1020.00,탐구8호
서해,311,05,311-05,34.7167,125.5317,2025-10-26,75,16.90,32.70,5.56,,,,,,,1.50,1020.00,탐구8호
서해,311,05,311-05,34.7167,125.5317,2025-12-15,0,12.47,32.59,5.91,0.79,0.09,11.88,16.15,0.26,,2.30,1026.00,탐구8호
서해,311,05,311-05,34.7167,125.5317,2025-12-15,10,12.43,32.59,,,,,,,,2.30,1026.00,탐구8호
서해,311,05,311-05,34.7167,125.5317,2025-12-15,20,12.45,32.60,5.88,0.81,0.11,11.19,16.14,0.25,,2.30,1026.00,탐구8호
서해,311,05,311-05,34.7167,125.5317,2025-12-15,30,12.45,32.60,,,,,,,,2.30,1026.00,탐구8호
서해,311,05,311-05,34.7167,125.5317,2025-12-15,50,12.48,32.61,5.81,0.81,0.10,11.44,16.14,0.27,,2.30,1026.00,탐구8호
서해,311,05,311-05,34.7167,125.5317,2025-12-15,75,12.52,32.62,,,,,,,,2.30,1026.00,탐구8호
서해,311,05,311-05,34.7167,125.5317,2026-02-11,0,7.08,32.65,,,,,,,,,,
서해,311,05,311-05,34.7167,125.5317,2026-02-11,10,7.08,32.65,,,,,,,,,,
서해,311,05,311-05,34.7167,125.5317,2026-02-11,20,7.07,32.65,,,,,,,,,,
서해,311,05,311-05,34.7167,125.5317,2026-02-11,30,7.07,32.66,,,,,,,,,,
서해,311,05,311-05,34.7167,125.5317,2026-02-11,50,7.16,32.69,,,,,,,,,,
서해,311,05,311-05,34.7167,125.5317,2026-02-11,75,7.04,32.67,,,,,,,,,,
서해,311,05,311-05,34.7167,125.5317,2026-02-11,100,,,,,,,,,,,,
서해,311,05,311-05,34.7167,125.5317,2026-02-11,125,,,,,,,,,,,,
서해,311,05,311-05,34.7167,125.5317,2026-02-11,150,,,,,,,,,,,,
서해,311,05,311-05,34.7167,125.5317,2026-02-11,200,,,,,,,,,,,,
서해,311,05,311-05,34.7167,125.5317,2026-02-11,250,,,,,,,,,,,,
서해,311,05,311-05,34.7167,125.5317,2026-02-11,300,,,,,,,,,,,,
서해,311,05,311-05,34.7167,125.5317,2026-02-11,400,,,,,,,,,,,,
서해,311,05,311-05,34.7167,125.5317,2026-02-11,500,,,,,,,,,,,,
서해,311,05,311-05,34.7167,125.5317,2026-04-19,0,8.62,32.47,,,,,,,,,,
서해,311,05,311-05,34.7167,125.5317,2026-04-19,10,8.61,32.47,,,,,,,,,,
서해,311,05,311-05,34.7167,125.5317,2026-04-19,20,8.48,32.50,,,,,,,,,,
서해,311,05,311-05,34.7167,125.5317,2026-04-19,30,8.44,32.50,,,,,,,,,,
서해,311,05,311-05,34.7167,125.5317,2026-04-19,50,8.44,32.50,,,,,,,,,,
서해,311,05,311-05,34.7167,125.5317,2026-04-19,75,8.44,32.50,,,,,,,,,,
서해,311,05,311-05,34.7167,125.5317,2026-06-15,0,16.58,32.58,,,,,,,,,,
서해,311,05,311-05,34.7167,125.5317,2026-06-15,10,13.57,32.59,,,,,,,,,,
서해,311,05,311-05,34.7167,125.5317,2026-06-15,20,13.05,32.56,,,,,,,,,,
서해,311,05,311-05,34.7167,125.5317,2026-06-15,30,12.80,32.56,,,,,,,,,,
서해,311,05,311-05,34.7167,125.5317,2026-06-15,50,12.57,32.56,,,,,,,,,,
서해,311,05,311-05,34.7167,125.5317,2026-08-18,0,23.31,31.81,,,,,,,,,,
서해,311,05,311-05,34.7167,125.5317,2026-08-18,10,21.22,31.96,,,,,,,,,,
서해,311,05,311-05,34.7167,125.5317,2026-08-18,20,20.77,32.01,,,,,,,,,,
서해,311,05,311-05,34.7167,125.5317,2026-08-18,30,20.12,32.11,,,,,,,,,,
서해,311,05,311-05,34.7167,125.5317,2026-08-18,50,18.65,32.17,,,,,,,,,,
서해,311,05,311-05,34.7167,125.5317,2026-08-18,75,16.72,32.19,,,,,,,,,,
서해,311,06,311-06,34.7167,125.3233,2025-10-26,0,17.76,32.57,5.47,,,,,,,5.50,1020.00,탐구8호
서해,311,06,311-06,34.7167,125.3233,2025-10-26,10,17.72,32.57,5.48,,,,,,,5.50,1020.00,탐구8호
서해,311,06,311-06,34.7167,125.3233,2025-10-26,20,17.73,32.60,5.48,,,,,,,5.50,1020.00,탐구8호
서해,311,06,311-06,34.7167,125.3233,2025-10-26,30,17.71,32.62,5.48,,,,,,,5.50,1020.00,탐구8호
서해,311,06,311-06,34.7167,125.3233,2025-10-26,50,16.16,32.85,5.64,,,,,,,5.50,1020.00,탐구8호
서해,311,06,311-06,34.7167,125.3233,2025-10-26,75,14.85,33.01,5.78,,,,,,,5.50,1020.00,탐구8호
서해,311,06,311-06,34.7167,125.3233,2025-12-15,0,12.87,32.90,,,,,,,,2.70,1026.00,탐구8호
서해,311,06,311-06,34.7167,125.3233,2025-12-15,10,12.87,32.90,,,,,,,,2.70,1026.00,탐구8호
서해,311,06,311-06,34.7167,125.3233,2025-12-15,20,12.87,32.90,,,,,,,,2.70,1026.00,탐구8호
서해,311,06,311-06,34.7167,125.3233,2025-12-15,30,12.87,32.90,,,,,,,,2.70,1026.00,탐구8호
서해,311,06,311-06,34.7167,125.3233,2025-12-15,50,12.88,32.90,,,,,,,,2.70,1026.00,탐구8호
서해,311,06,311-06,34.7167,125.3233,2025-12-15,75,12.92,32.92,,,,,,,,2.70,1026.00,탐구8호
서해,311,06,311-06,34.7167,125.3233,2026-02-11,0,7.19,32.67,,,,,,,,,,
서해,311,06,311-06,34.7167,125.3233,2026-02-11,10,7.14,32.67,,,,,,,,,,
서해,311,06,311-06,34.7167,125.3233,2026-02-11,20,7.14,32.68,,,,,,,,,,
서해,311,06,311-06,34.7167,125.3233,2026-02-11,30,7.26,32.70,,,,,,,,,,
서해,311,06,311-06,34.7167,125.3233,2026-02-11,50,7.75,32.80,,,,,,,,,,
서해,311,06,311-06,34.7167,125.3233,2026-02-11,75,7.94,32.84,,,,,,,,,,
서해,311,06,311-06,34.7167,125.3233,2026-02-11,100,,,,,,,,,,,,
서해,311,06,311-06,34.7167,125.3233,2026-02-11,125,,,,,,,,,,,,
서해,311,06,311-06,34.7167,125.3233,2026-02-11,150,,,,,,,,,,,,
서해,311,06,311-06,34.7167,125.3233,2026-02-11,200,,,,,,,,,,,,
서해,311,06,311-06,34.7167,125.3233,2026-02-11,250,,,,,,,,,,,,
서해,311,06,311-06,34.7167,125.3233,2026-02-11,300,,,,,,,,,,,,
서해,311,06,311-06,34.7167,125.3233,2026-02-11,400,,,,,,,,,,,,
서해,311,06,311-06,34.7167,125.3233,2026-02-11,500,,,,,,,,,,,,
서해,311,06,311-06,34.7167,125.3233,2026-04-19,0,9.74,32.50,,,,,,,,,,
서해,311,06,311-06,34.7167,125.3233,2026-04-19,10,9.13,32.53,,,,,,,,,,
서해,311,06,311-06,34.7167,125.3233,2026-04-19,20,8.54,32.55,,,,,,,,,,
서해,311,06,311-06,34.7167,125.3233,2026-04-19,30,8.35,32.55,,,,,,,,,,
서해,311,06,311-06,34.7167,125.3233,2026-04-19,50,8.34,32.55,,,,,,,,,,
서해,311,06,311-06,34.7167,125.3233,2026-04-19,75,8.35,32.55,,,,,,,,,,
서해,311,06,311-06,34.7167,125.3233,2026-06-15,0,12.46,32.55,,,,,,,,,,
서해,311,06,311-06,34.7167,125.3233,2026-06-15,10,12.19,32.53,,,,,,,,,,
서해,311,06,311-06,34.7167,125.3233,2026-06-15,20,11.87,32.54,,,,,,,,,,
서해,311,06,311-06,34.7167,125.3233,2026-06-15,30,11.82,32.54,,,,,,,,,,
서해,311,06,311-06,34.7167,125.3233,2026-06-15,50,11.63,32.55,,,,,,,,,,
서해,311,06,311-06,34.7167,125.3233,2026-06-15,75,10.93,32.55,,,,,,,,,,
서해,311,06,311-06,34.7167,125.3233,2026-08-18,0,26.79,31.82,,,,,,,,,,
서해,311,06,311-06,34.7167,125.3233,2026-08-18,10,26.35,32.11,,,,,,,,,,
서해,311,06,311-06,34.7167,125.3233,2026-08-18,20,21.10,31.94,,,,,,,,,,
서해,311,06,311-06,34.7167,125.3233,2026-08-18,30,17.59,32.18,,,,,,,,,,
서해,311,06,311-06,34.7167,125.3233,2026-08-18,50,14.69,32.33,,,,,,,,,,
서해,311,06,311-06,34.7167,125.3233,2026-08-18,75,11.72,32.44,,,,,,,,,,
서해,311,07,311-07,34.7167,125,2025-10-28,0,18.98,32.85,5.34,0.28,0.29,5.23,9.87,0.95,,10.50,1028.00,탐구8호
서해,311,07,311-07,34.7167,125,2025-10-28,10,18.98,32.85,5.34,,,,,,,10.50,1028.00,탐구8호
서해,311,07,311-07,34.7167,125,2025-10-28,20,18.74,32.83,5.37,0.38,0.29,6.48,10.81,0.72,,10.50,1028.00,탐구8호
서해,311,07,311-07,34.7167,125,2025-10-28,30,13.87,33.20,5.89,,,,,,,10.50,1028.00,탐구8호
서해,311,07,311-07,34.7167,125,2025-10-28,50,12.56,33.29,6.05,1.00,0.07,13.89,18.23,0.07,,10.50,1028.00,탐구8호
서해,311,07,311-07,34.7167,125,2025-10-28,75,12.21,33.31,6.09,,,,,,,10.50,1028.00,탐구8호
서해,311,07,311-07,34.7167,125,2025-12-15,0,12.73,33.04,5.44,0.74,0.23,10.81,15.24,0.36,,8.00,1026.00,탐구8호
서해,311,07,311-07,34.7167,125,2025-12-15,10,12.73,33.04,,,,,,,,8.00,1026.00,탐구8호
서해,311,07,311-07,34.7167,125,2025-12-15,20,12.75,33.05,5.27,0.77,0.20,11.26,15.58,0.27,,8.00,1026.00,탐구8호
서해,311,07,311-07,34.7167,125,2025-12-15,30,12.75,33.05,,,,,,,,8.00,1026.00,탐구8호
서해,311,07,311-07,34.7167,125,2025-12-15,50,12.75,33.06,5.26,0.80,0.17,11.59,15.83,0.27,,8.00,1026.00,탐구8호
서해,311,07,311-07,34.7167,125,2025-12-15,75,12.71,33.12,,,,,,,,8.00,1026.00,탐구8호
서해,311,07,311-07,34.7167,125,2026-02-11,0,8.55,32.96,,,,,,,,,,
서해,311,07,311-07,34.7167,125,2026-02-11,10,8.54,32.96,,,,,,,,,,
서해,311,07,311-07,34.7167,125,2026-02-11,20,8.46,32.96,,,,,,,,,,
서해,311,07,311-07,34.7167,125,2026-02-11,30,8.47,32.96,,,,,,,,,,
서해,311,07,311-07,34.7167,125,2026-02-11,50,8.47,32.96,,,,,,,,,,
서해,311,07,311-07,34.7167,125,2026-02-11,75,8.46,32.96,,,,,,,,,,
서해,311,07,311-07,34.7167,125,2026-02-11,100,,,,,,,,,,,,
서해,311,07,311-07,34.7167,125,2026-02-11,125,,,,,,,,,,,,
서해,311,07,311-07,34.7167,125,2026-02-11,150,,,,,,,,,,,,
서해,311,07,311-07,34.7167,125,2026-02-11,200,,,,,,,,,,,,
서해,311,07,311-07,34.7167,125,2026-02-11,250,,,,,,,,,,,,
서해,311,07,311-07,34.7167,125,2026-02-11,300,,,,,,,,,,,,
서해,311,07,311-07,34.7167,125,2026-02-11,400,,,,,,,,,,,,
서해,311,07,311-07,34.7167,125,2026-02-11,500,,,,,,,,,,,,
서해,311,07,311-07,34.7167,125,2026-04-19,0,11.43,32.34,,,,,,,,,,
서해,311,07,311-07,34.7167,125,2026-04-19,10,10.72,32.38,,,,,,,,,,
서해,311,07,311-07,34.7167,125,2026-04-19,20,8.70,32.50,,,,,,,,,,
서해,311,07,311-07,34.7167,125,2026-04-19,30,7.62,32.61,,,,,,,,,,
서해,311,07,311-07,34.7167,125,2026-04-19,50,7.50,32.59,,,,,,,,,,
서해,311,07,311-07,34.7167,125,2026-04-19,75,7.54,32.60,,,,,,,,,,
서해,311,07,311-07,34.7167,125,2026-06-15,0,22.47,32.13,,,,,,,,,,
서해,311,07,311-07,34.7167,125,2026-06-15,10,20.98,32.15,,,,,,,,,,
서해,311,07,311-07,34.7167,125,2026-06-15,20,11.81,32.63,,,,,,,,,,
서해,311,07,311-07,34.7167,125,2026-06-15,30,7.75,32.48,,,,,,,,,,
서해,311,07,311-07,34.7167,125,2026-06-15,50,7.75,32.44,,,,,,,,,,
서해,311,07,311-07,34.7167,125,2026-06-15,75,7.75,32.43,,,,,,,,,,
서해,311,07,311-07,34.7167,125,2026-08-18,0,29.48,31.23,,,,,,,,,,
서해,311,07,311-07,34.7167,125,2026-08-18,10,29.22,31.25,,,,,,,,,,
서해,311,07,311-07,34.7167,125,2026-08-18,20,28.54,31.40,,,,,,,,,,
서해,311,07,311-07,34.7167,125,2026-08-18,30,21.76,32.16,,,,,,,,,,
서해,311,07,311-07,34.7167,125,2026-08-18,50,9.45,32.67,,,,,,,,,,
서해,311,07,311-07,34.7167,125,2026-08-18,75,9.15,32.64,,,,,,,,,,
서해,311,08,311-08,34.7167,124.7983,2025-10-28,0,18.75,32.70,5.37,,,,,,,13.00,1028.00,탐구8호
서해,311,08,311-08,34.7167,124.7983,2025-10-28,10,18.73,32.70,5.37,,,,,,,13.00,1028.00,탐구8호
서해,311,08,311-08,34.7167,124.7983,2025-10-28,20,18.69,32.70,5.38,,,,,,,13.00,1028.00,탐구8호
서해,311,08,311-08,34.7167,124.7983,2025-10-28,30,16.64,32.85,5.58,,,,,,,13.00,1028.00,탐구8호
서해,311,08,311-08,34.7167,124.7983,2025-10-28,50,12.34,33.30,6.07,,,,,,,13.00,1028.00,탐구8호
서해,311,08,311-08,34.7167,124.7983,2025-10-28,75,11.71,33.37,6.15,,,,,,,13.00,1028.00,탐구8호
서해,311,08,311-08,34.7167,124.7983,2025-12-15,0,12.77,32.77,,,,,,,,7.80,1024.00,탐구8호
서해,311,08,311-08,34.7167,124.7983,2025-12-15,10,12.78,32.83,,,,,,,,7.80,1024.00,탐구8호
서해,311,08,311-08,34.7167,124.7983,2025-12-15,20,12.79,32.90,,,,,,,,7.80,1024.00,탐구8호
서해,311,08,311-08,34.7167,124.7983,2025-12-15,30,12.83,32.96,,,,,,,,7.80,1024.00,탐구8호
서해,311,08,311-08,34.7167,124.7983,2025-12-15,50,12.24,33.25,,,,,,,,7.80,1024.00,탐구8호
서해,311,08,311-08,34.7167,124.7983,2025-12-15,75,11.70,33.35,,,,,,,,7.80,1024.00,탐구8호
서해,311,08,311-08,34.7167,124.7983,2026-02-11,0,8.38,32.85,,,,,,,,,,
서해,311,08,311-08,34.7167,124.7983,2026-02-11,10,8.37,32.85,,,,,,,,,,
서해,311,08,311-08,34.7167,124.7983,2026-02-11,20,8.33,32.85,,,,,,,,,,
서해,311,08,311-08,34.7167,124.7983,2026-02-11,30,8.29,32.86,,,,,,,,,,
서해,311,08,311-08,34.7167,124.7983,2026-02-11,50,8.31,32.89,,,,,,,,,,
서해,311,08,311-08,34.7167,124.7983,2026-02-11,75,8.36,32.92,,,,,,,,,,
서해,311,08,311-08,34.7167,124.7983,2026-02-11,100,,,,,,,,,,,,
서해,311,08,311-08,34.7167,124.7983,2026-02-11,125,,,,,,,,,,,,
서해,311,08,311-08,34.7167,124.7983,2026-02-11,150,,,,,,,,,,,,
서해,311,08,311-08,34.7167,124.7983,2026-02-11,200,,,,,,,,,,,,
서해,311,08,311-08,34.7167,124.7983,2026-02-11,250,,,,,,,,,,,,
서해,311,08,311-08,34.7167,124.7983,2026-02-11,300,,,,,,,,,,,,
서해,311,08,311-08,34.7167,124.7983,2026-02-11,400,,,,,,,,,,,,
서해,311,08,311-08,34.7167,124.7983,2026-02-11,500,,,,,,,,,,,,
서해,311,08,311-08,34.7167,124.7983,2026-04-19,0,11.76,32.40,,,,,,,,,,
서해,311,08,311-08,34.7167,124.7983,2026-04-19,10,11.60,32.41,,,,,,,,,,
서해,311,08,311-08,34.7167,124.7983,2026-04-19,20,9.78,32.41,,,,,,,,,,
서해,311,08,311-08,34.7167,124.7983,2026-04-19,30,8.27,32.62,,,,,,,,,,
서해,311,08,311-08,34.7167,124.7983,2026-04-19,50,7.93,32.67,,,,,,,,,,
서해,311,08,311-08,34.7167,124.7983,2026-04-19,75,7.94,32.67,,,,,,,,,,
서해,311,08,311-08,34.7167,124.7983,2026-06-15,0,21.80,32.34,,,,,,,,,,
서해,311,08,311-08,34.7167,124.7983,2026-06-15,10,21.15,32.35,,,,,,,,,,
서해,311,08,311-08,34.7167,124.7983,2026-06-15,20,16.73,32.41,,,,,,,,,,
서해,311,08,311-08,34.7167,124.7983,2026-06-15,30,10.43,32.47,,,,,,,,,,
서해,311,08,311-08,34.7167,124.7983,2026-06-15,50,8.23,32.51,,,,,,,,,,
서해,311,08,311-08,34.7167,124.7983,2026-06-15,75,8.22,32.51,,,,,,,,,,
서해,311,08,311-08,34.7167,124.7983,2026-08-18,0,28.94,30.83,,,,,,,,,,
서해,311,08,311-08,34.7167,124.7983,2026-08-18,10,29.01,31.14,,,,,,,,,,
서해,311,08,311-08,34.7167,124.7983,2026-08-18,20,27.58,31.42,,,,,,,,,,
서해,311,08,311-08,34.7167,124.7983,2026-08-18,30,19.87,32.29,,,,,,,,,,
서해,311,08,311-08,34.7167,124.7983,2026-08-18,50,9.31,32.80,,,,,,,,,,
서해,311,08,311-08,34.7167,124.7983,2026-08-18,75,9.58,32.97,,,,,,,,,,
서해,311,09,311-09,34.7167,124.5967,2025-10-28,0,19.28,32.55,5.32,0.08,0.27,2.73,7.39,1.06,,11.00,1028.00,탐구8호
서해,311,09,311-09,34.7167,124.5967,2025-10-28,10,19.20,32.55,5.33,,,,,,,11.00,1028.00,탐구8호
서해,311,09,311-09,34.7167,124.5967,2025-10-28,20,19.19,32.59,5.33,0.25,0.29,5.17,9.46,0.82,,11.00,1028.00,탐구8호
서해,311,09,311-09,34.7167,124.5967,2025-10-28,30,12.20,33.38,6.09,,,,,,,11.00,1028.00,탐구8호
서해,311,09,311-09,34.7167,124.5967,2025-10-28,50,11.93,33.35,6.12,1.05,0.05,14.19,19.10,0.05,,11.00,1028.00,탐구8호
서해,311,09,311-09,34.7167,124.5967,2025-10-28,75,11.60,33.39,6.16,,,,,,,11.00,1028.00,탐구8호
서해,311,09,311-09,34.7167,124.5967,2025-12-15,0,12.63,32.71,6.07,0.40,0.55,6.38,10.10,0.58,,,1024.00,탐구8호
서해,311,09,311-09,34.7167,124.5967,2025-12-15,10,12.64,32.71,,,,,,,,,1024.00,탐구8호
서해,311,09,311-09,34.7167,124.5967,2025-12-15,20,12.76,32.83,5.78,0.51,0.48,7.61,12.03,0.44,,,1024.00,탐구8호
서해,311,09,311-09,34.7167,124.5967,2025-12-15,30,12.79,32.86,,,,,,,,,1024.00,탐구8호
서해,311,09,311-09,34.7167,124.5967,2025-12-15,50,12.19,33.26,3.65,1.05,0.10,14.38,18.92,0.05,,,1024.00,탐구8호
서해,311,09,311-09,34.7167,124.5967,2025-12-15,75,11.55,33.37,,,,,,,,,1024.00,탐구8호
서해,311,09,311-09,34.7167,124.5967,2026-02-11,0,8.49,32.90,,,,,,,,,,
서해,311,09,311-09,34.7167,124.5967,2026-02-11,10,8.48,32.90,,,,,,,,,,
서해,311,09,311-09,34.7167,124.5967,2026-02-11,20,8.43,32.92,,,,,,,,,,
서해,311,09,311-09,34.7167,124.5967,2026-02-11,30,8.43,32.91,,,,,,,,,,
서해,311,09,311-09,34.7167,124.5967,2026-02-11,50,8.41,32.91,,,,,,,,,,
서해,311,09,311-09,34.7167,124.5967,2026-02-11,75,8.40,32.92,,,,,,,,,,
서해,311,09,311-09,34.7167,124.5967,2026-02-11,100,,,,,,,,,,,,
서해,311,09,311-09,34.7167,124.5967,2026-02-11,125,,,,,,,,,,,,
서해,311,09,311-09,34.7167,124.5967,2026-02-11,150,,,,,,,,,,,,
서해,311,09,311-09,34.7167,124.5967,2026-02-11,200,,,,,,,,,,,,
서해,311,09,311-09,34.7167,124.5967,2026-02-11,250,,,,,,,,,,,,
서해,311,09,311-09,34.7167,124.5967,2026-02-11,300,,,,,,,,,,,,
서해,311,09,311-09,34.7167,124.5967,2026-02-11,400,,,,,,,,,,,,
서해,311,09,311-09,34.7167,124.5967,2026-02-11,500,,,,,,,,,,,,
서해,311,09,311-09,34.7167,124.5967,2026-04-19,0,12.03,32.48,,,,,,,,,,
서해,311,09,311-09,34.7167,124.5967,2026-04-19,10,11.48,32.46,,,,,,,,,,
서해,311,09,311-09,34.7167,124.5967,2026-04-19,20,9.83,32.45,,,,,,,,,,
서해,311,09,311-09,34.7167,124.5967,2026-04-19,30,8.17,32.73,,,,,,,,,,
서해,311,09,311-09,34.7167,124.5967,2026-04-19,50,8.11,32.71,,,,,,,,,,
서해,311,09,311-09,34.7167,124.5967,2026-04-19,75,8.11,32.71,,,,,,,,,,
서해,311,09,311-09,34.7167,124.5967,2026-06-15,0,22.04,32.25,,,,,,,,,,
서해,311,09,311-09,34.7167,124.5967,2026-06-15,10,20.74,32.24,,,,,,,,,,
서해,311,09,311-09,34.7167,124.5967,2026-06-15,20,17.43,32.30,,,,,,,,,,
서해,311,09,311-09,34.7167,124.5967,2026-06-15,30,11.53,32.31,,,,,,,,,,
서해,311,09,311-09,34.7167,124.5967,2026-06-15,50,8.35,32.61,,,,,,,,,,
서해,311,09,311-09,34.7167,124.5967,2026-06-15,75,8.34,32.60,,,,,,,,,,
서해,311,09,311-09,34.7167,124.5967,2026-08-18,0,29.26,30.25,,,,,,,,,,
서해,311,09,311-09,34.7167,124.5967,2026-08-18,10,28.66,30.26,,,,,,,,,,
서해,311,09,311-09,34.7167,124.5967,2026-08-18,20,29.17,31.30,,,,,,,,,,
서해,311,09,311-09,34.7167,124.5967,2026-08-18,30,20.72,32.30,,,,,,,,,,
서해,311,09,311-09,34.7167,124.5967,2026-08-18,50,9.64,33.04,,,,,,,,,,
서해,311,09,311-09,34.7167,124.5967,2026-08-18,75,9.69,33.03,,,,,,,,,,
서해,311,10,311-10,34.7167,124.39,2025-10-28,0,18.63,32.17,5.40,,,,,,,10.00,1028.00,탐구8호
서해,311,10,311-10,34.7167,124.39,2025-10-28,10,18.46,32.17,5.42,,,,,,,10.00,1028.00,탐구8호
서해,311,10,311-10,34.7167,124.39,2025-10-28,20,18.54,32.23,5.41,,,,,,,10.00,1028.00,탐구8호
서해,311,10,311-10,34.7167,124.39,2025-10-28,30,17.77,32.37,5.48,,,,,,,10.00,1028.00,탐구8호
서해,311,10,311-10,34.7167,124.39,2025-10-28,50,10.92,33.56,6.25,,,,,,,10.00,1028.00,탐구8호
서해,311,10,311-10,34.7167,124.39,2025-10-28,75,10.86,33.56,,,,,,,,10.00,1028.00,탐구8호
서해,311,10,311-10,34.7167,124.39,2025-12-15,0,12.85,32.68,,,,,,,,,1024.00,탐구8호
서해,311,10,311-10,34.7167,124.39,2025-12-15,10,12.85,32.68,,,,,,,,,1024.00,탐구8호
서해,311,10,311-10,34.7167,124.39,2025-12-15,20,12.88,32.68,,,,,,,,,1024.00,탐구8호
서해,311,10,311-10,34.7167,124.39,2025-12-15,30,12.92,32.71,,,,,,,,,1024.00,탐구8호
서해,311,10,311-10,34.7167,124.39,2025-12-15,50,12.59,33.03,,,,,,,,,1024.00,탐구8호
서해,311,10,311-10,34.7167,124.39,2025-12-15,75,11.37,33.40,,,,,,,,,1024.00,탐구8호
서해,311,10,311-10,34.7167,124.39,2026-02-11,0,8.49,32.64,,,,,,,,,,
서해,311,10,311-10,34.7167,124.39,2026-02-11,10,8.49,32.64,,,,,,,,,,
서해,311,10,311-10,34.7167,124.39,2026-02-11,20,8.48,32.64,,,,,,,,,,
서해,311,10,311-10,34.7167,124.39,2026-02-11,30,8.51,32.70,,,,,,,,,,
서해,311,10,311-10,34.7167,124.39,2026-02-11,50,8.58,32.77,,,,,,,,,,
서해,311,10,311-10,34.7167,124.39,2026-02-11,75,8.68,32.85,,,,,,,,,,
서해,311,10,311-10,34.7167,124.39,2026-02-11,100,,,,,,,,,,,,
서해,311,10,311-10,34.7167,124.39,2026-02-11,125,,,,,,,,,,,,
서해,311,10,311-10,34.7167,124.39,2026-02-11,150,,,,,,,,,,,,
서해,311,10,311-10,34.7167,124.39,2026-02-11,200,,,,,,,,,,,,
서해,311,10,311-10,34.7167,124.39,2026-02-11,250,,,,,,,,,,,,
서해,311,10,311-10,34.7167,124.39,2026-02-11,300,,,,,,,,,,,,
서해,311,10,311-10,34.7167,124.39,2026-02-11,400,,,,,,,,,,,,
서해,311,10,311-10,34.7167,124.39,2026-02-11,500,,,,,,,,,,,,
서해,311,10,311-10,34.7167,124.39,2026-04-19,0,12.09,32.44,,,,,,,,,,
서해,311,10,311-10,34.7167,124.39,2026-04-19,10,11.23,32.41,,,,,,,,,,
서해,311,10,311-10,34.7167,124.39,2026-04-19,20,10.03,32.43,,,,,,,,,,
서해,311,10,311-10,34.7167,124.39,2026-04-19,30,8.45,32.54,,,,,,,,,,
서해,311,10,311-10,34.7167,124.39,2026-04-19,50,8.23,32.70,,,,,,,,,,
서해,311,10,311-10,34.7167,124.39,2026-04-19,75,8.20,32.71,,,,,,,,,,
서해,311,10,311-10,34.7167,124.39,2026-06-15,0,22.41,32.29,,,,,,,,,,
서해,311,10,311-10,34.7167,124.39,2026-06-15,10,21.32,32.30,,,,,,,,,,
서해,311,10,311-10,34.7167,124.39,2026-06-15,20,17.21,32.33,,,,,,,,,,
서해,311,10,311-10,34.7167,124.39,2026-06-15,30,10.76,32.37,,,,,,,,,,
서해,311,10,311-10,34.7167,124.39,2026-06-15,50,8.70,32.74,,,,,,,,,,
서해,311,10,311-10,34.7167,124.39,2026-08-18,0,29.55,30.43,,,,,,,,,,
서해,311,10,311-10,34.7167,124.39,2026-08-18,10,29.15,30.50,,,,,,,,,,
서해,311,10,311-10,34.7167,124.39,2026-08-18,20,28.93,30.87,,,,,,,,,,
서해,311,10,311-10,34.7167,124.39,2026-08-18,30,22.41,31.72,,,,,,,,,,
서해,311,10,311-10,34.7167,124.39,2026-08-18,50,10.04,33.18,,,,,,,,,,
서해,311,10,311-10,34.7167,124.39,2026-08-18,75,10.45,33.35,,,,,,,,,,
서해,312,02,312-02,33.975,126.1,2025-10-29,0,20.02,32.22,5.26,,,,,,,,1027.00,탐구8호
서해,312,02,312-02,33.975,126.1,2025-10-29,10,20.02,32.22,5.26,,,,,,,,1027.00,탐구8호
서해,312,02,312-02,33.975,126.1,2025-10-29,20,20.08,32.23,5.25,,,,,,,,1027.00,탐구8호
서해,312,02,312-02,33.975,126.1,2025-10-29,30,20.06,32.23,5.25,,,,,,,,1027.00,탐구8호
서해,312,02,312-02,33.975,126.1,2025-10-29,50,15.43,33.68,5.69,,,,,,,,1027.00,탐구8호
서해,312,02,312-02,33.975,126.1,2025-10-29,75,15.08,33.61,5.73,,,,,,,,1027.00,탐구8호
서해,312,02,312-02,33.975,126.1,2025-12-16,0,15.27,33.52,,,,,,,,,1024.00,탐구8호
서해,312,02,312-02,33.975,126.1,2025-12-16,10,15.27,33.52,,,,,,,,,1024.00,탐구8호
서해,312,02,312-02,33.975,126.1,2025-12-16,20,15.26,33.52,,,,,,,,,1024.00,탐구8호
서해,312,02,312-02,33.975,126.1,2025-12-16,30,15.29,33.53,,,,,,,,,1024.00,탐구8호
서해,312,02,312-02,33.975,126.1,2025-12-16,50,15.30,33.54,,,,,,,,,1024.00,탐구8호
서해,312,02,312-02,33.975,126.1,2025-12-16,75,15.35,33.57,,,,,,,,,1024.00,탐구8호
서해,312,02,312-02,33.975,126.1,2026-02-12,0,12.11,33.94,,,,,,,,,,
서해,312,02,312-02,33.975,126.1,2026-02-12,10,12.12,33.94,,,,,,,,,,
서해,312,02,312-02,33.975,126.1,2026-02-12,20,12.15,33.95,,,,,,,,,,
서해,312,02,312-02,33.975,126.1,2026-02-12,30,12.19,33.96,,,,,,,,,,
서해,312,02,312-02,33.975,126.1,2026-02-12,50,12.19,33.96,,,,,,,,,,
서해,312,02,312-02,33.975,126.1,2026-02-12,75,12.24,34.02,,,,,,,,,,
서해,312,02,312-02,33.975,126.1,2026-02-12,100,,,,,,,,,,,,
서해,312,02,312-02,33.975,126.1,2026-02-12,125,,,,,,,,,,,,
서해,312,02,312-02,33.975,126.1,2026-02-12,150,,,,,,,,,,,,
서해,312,02,312-02,33.975,126.1,2026-02-12,200,,,,,,,,,,,,
서해,312,02,312-02,33.975,126.1,2026-02-12,250,,,,,,,,,,,,
서해,312,02,312-02,33.975,126.1,2026-02-12,300,,,,,,,,,,,,
서해,312,02,312-02,33.975,126.1,2026-02-12,400,,,,,,,,,,,,
서해,312,02,312-02,33.975,126.1,2026-02-12,500,,,,,,,,,,,,
서해,312,02,312-02,33.975,126.1,2026-04-20,0,12.49,33.44,,,,,,,,,,
서해,312,02,312-02,33.975,126.1,2026-04-20,10,12.75,33.59,,,,,,,,,,
서해,312,02,312-02,33.975,126.1,2026-04-20,20,13.11,33.89,,,,,,,,,,
서해,312,02,312-02,33.975,126.1,2026-04-20,30,12.83,33.85,,,,,,,,,,
서해,312,02,312-02,33.975,126.1,2026-04-20,50,12.76,33.85,,,,,,,,,,
서해,312,02,312-02,33.975,126.1,2026-04-20,75,12.66,33.87,,,,,,,,,,
서해,312,02,312-02,33.975,126.1,2026-06-16,0,20.69,33.07,,,,,,,,,,
서해,312,02,312-02,33.975,126.1,2026-06-16,10,20.65,33.07,,,,,,,,,,
서해,312,02,312-02,33.975,126.1,2026-06-16,20,13.42,32.95,,,,,,,,,,
서해,312,02,312-02,33.975,126.1,2026-06-16,30,12.70,32.89,,,,,,,,,,
서해,312,02,312-02,33.975,126.1,2026-06-16,50,12.86,33.53,,,,,,,,,,
서해,312,02,312-02,33.975,126.1,2026-06-16,75,12.89,33.56,,,,,,,,,,
서해,312,02,312-02,33.975,126.1,2026-08-19,0,27.04,30.72,,,,,,,,,,
서해,312,02,312-02,33.975,126.1,2026-08-19,10,25.81,32.02,,,,,,,,,,
서해,312,02,312-02,33.975,126.1,2026-08-19,20,17.64,32.62,,,,,,,,,,
서해,312,02,312-02,33.975,126.1,2026-08-19,30,16.49,33.01,,,,,,,,,,
서해,312,02,312-02,33.975,126.1,2026-08-19,50,13.29,33.05,,,,,,,,,,
서해,312,02,312-02,33.975,126.1,2026-08-19,75,12.97,33.13,,,,,,,,,,
서해,312,03,312-03,33.9967,125.9,2025-10-29,0,20.42,32.44,5.21,0.05,0.29,2.35,8.05,0.74,,,1027.00,탐구8호
서해,312,03,312-03,33.9967,125.9,2025-10-29,10,20.44,32.44,5.21,,,,,,,,1027.00,탐구8호
서해,312,03,312-03,33.9967,125.9,2025-10-29,20,20.45,32.45,5.21,0.07,0.29,2.41,8.09,0.72,,,1027.00,탐구8호
서해,312,03,312-03,33.9967,125.9,2025-10-29,30,19.15,32.76,5.33,,,,,,,,1027.00,탐구8호
서해,312,03,312-03,33.9967,125.9,2025-10-29,50,14.22,33.27,5.84,0.90,0.05,13.82,18.02,0.07,,,1027.00,탐구8호
서해,312,03,312-03,33.9967,125.9,2025-10-29,75,14.35,33.32,5.83,,,,,,,,1027.00,탐구8호
서해,312,03,312-03,33.9967,125.9,2025-12-16,0,14.03,33.13,5.65,0.71,0.17,11.02,15.23,0.27,,,1024.00,탐구8호
서해,312,03,312-03,33.9967,125.9,2025-12-16,10,14.03,33.13,,,,,,,,,1024.00,탐구8호
서해,312,03,312-03,33.9967,125.9,2025-12-16,20,14.04,33.13,5.53,0.72,0.17,10.75,15.22,0.27,,,1024.00,탐구8호
서해,312,03,312-03,33.9967,125.9,2025-12-16,30,14.03,33.13,,,,,,,,,1024.00,탐구8호
서해,312,03,312-03,33.9967,125.9,2025-12-16,50,14.02,33.13,5.50,0.72,0.16,10.93,15.38,0.26,,,1024.00,탐구8호
서해,312,03,312-03,33.9967,125.9,2025-12-16,75,14.08,33.15,,,,,,,,,1024.00,탐구8호
서해,312,03,312-03,33.9967,125.9,2026-02-12,0,9.93,33.39,,,,,,,,,,
서해,312,03,312-03,33.9967,125.9,2026-02-12,10,9.93,33.39,,,,,,,,,,
서해,312,03,312-03,33.9967,125.9,2026-02-12,20,9.92,33.39,,,,,,,,,,
서해,312,03,312-03,33.9967,125.9,2026-02-12,30,9.96,33.40,,,,,,,,,,
서해,312,03,312-03,33.9967,125.9,2026-02-12,50,10.49,33.53,,,,,,,,,,
서해,312,03,312-03,33.9967,125.9,2026-02-12,75,12.56,34.14,,,,,,,,,,
서해,312,03,312-03,33.9967,125.9,2026-02-12,100,,,,,,,,,,,,
서해,312,03,312-03,33.9967,125.9,2026-02-12,125,,,,,,,,,,,,
서해,312,03,312-03,33.9967,125.9,2026-02-12,150,,,,,,,,,,,,
서해,312,03,312-03,33.9967,125.9,2026-02-12,200,,,,,,,,,,,,
서해,312,03,312-03,33.9967,125.9,2026-02-12,250,,,,,,,,,,,,
서해,312,03,312-03,33.9967,125.9,2026-02-12,300,,,,,,,,,,,,
서해,312,03,312-03,33.9967,125.9,2026-02-12,400,,,,,,,,,,,,
서해,312,03,312-03,33.9967,125.9,2026-02-12,500,,,,,,,,,,,,
서해,312,03,312-03,33.9967,125.9,2026-04-20,0,10.85,32.77,,,,,,,,,,
서해,312,03,312-03,33.9967,125.9,2026-04-20,10,10.69,32.75,,,,,,,,,,
서해,312,03,312-03,33.9967,125.9,2026-04-20,20,10.72,32.79,,,,,,,,,,
서해,312,03,312-03,33.9967,125.9,2026-04-20,30,8.85,32.76,,,,,,,,,,
서해,312,03,312-03,33.9967,125.9,2026-04-20,50,11.04,33.53,,,,,,,,,,
서해,312,03,312-03,33.9967,125.9,2026-04-20,75,11.00,33.53,,,,,,,,,,
서해,312,03,312-03,33.9967,125.9,2026-06-16,0,20.47,33.14,,,,,,,,,,
서해,312,03,312-03,33.9967,125.9,2026-06-16,10,20.38,33.13,,,,,,,,,,
서해,312,03,312-03,33.9967,125.9,2026-06-16,20,13.94,32.62,,,,,,,,,,
서해,312,03,312-03,33.9967,125.9,2026-06-16,30,12.10,32.67,,,,,,,,,,
서해,312,03,312-03,33.9967,125.9,2026-06-16,50,10.68,32.80,,,,,,,,,,
서해,312,03,312-03,33.9967,125.9,2026-06-16,75,11.27,33.06,,,,,,,,,,
서해,312,03,312-03,33.9967,125.9,2026-08-19,0,27.15,31.08,,,,,,,,,,
서해,312,03,312-03,33.9967,125.9,2026-08-19,10,25.75,31.36,,,,,,,,,,
서해,312,03,312-03,33.9967,125.9,2026-08-19,20,23.90,31.79,,,,,,,,,,
서해,312,03,312-03,33.9967,125.9,2026-08-19,30,20.88,32.27,,,,,,,,,,
서해,312,03,312-03,33.9967,125.9,2026-08-19,50,14.13,32.68,,,,,,,,,,
서해,312,03,312-03,33.9967,125.9,2026-08-19,75,13.22,33.05,,,,,,,,,,
서해,312,04,312-04,34.0217,125.7,2025-10-29,0,20.62,32.71,5.19,,,,,,,,1028.00,탐구8호
서해,312,04,312-04,34.0217,125.7,2025-10-29,10,20.62,32.71,5.19,,,,,,,,1028.00,탐구8호
서해,312,04,312-04,34.0217,125.7,2025-10-29,20,20.63,32.71,5.19,,,,,,,,1028.00,탐구8호
서해,312,04,312-04,34.0217,125.7,2025-10-29,30,16.80,33.13,5.56,,,,,,,,1028.00,탐구8호
서해,312,04,312-04,34.0217,125.7,2025-10-29,50,14.05,33.28,5.86,,,,,,,,1028.00,탐구8호
서해,312,04,312-04,34.0217,125.7,2025-10-29,75,,,,,,,,,,,1028.00,탐구8호
서해,312,04,312-04,34.0217,125.7,2025-12-16,0,13.33,32.93,,,,,,,,,1024.00,탐구8호
서해,312,04,312-04,34.0217,125.7,2025-12-16,10,13.32,32.93,,,,,,,,,1024.00,탐구8호
서해,312,04,312-04,34.0217,125.7,2025-12-16,20,13.33,32.93,,,,,,,,,1024.00,탐구8호
서해,312,04,312-04,34.0217,125.7,2025-12-16,30,13.35,32.93,,,,,,,,,1024.00,탐구8호
서해,312,04,312-04,34.0217,125.7,2025-12-16,50,13.37,32.94,,,,,,,,,1024.00,탐구8호
서해,312,04,312-04,34.0217,125.7,2025-12-16,75,,,,,,,,,,,1024.00,탐구8호
서해,312,04,312-04,34.0217,125.7,2026-02-12,0,8.04,32.85,,,,,,,,,,
서해,312,04,312-04,34.0217,125.7,2026-02-12,10,8.04,32.85,,,,,,,,,,
서해,312,04,312-04,34.0217,125.7,2026-02-12,20,7.99,32.87,,,,,,,,,,
서해,312,04,312-04,34.0217,125.7,2026-02-12,30,8.68,33.13,,,,,,,,,,
서해,312,04,312-04,34.0217,125.7,2026-02-12,50,9.33,33.38,,,,,,,,,,
서해,312,04,312-04,34.0217,125.7,2026-02-12,75,,,,,,,,,,,,
서해,312,04,312-04,34.0217,125.7,2026-02-12,100,,,,,,,,,,,,
서해,312,04,312-04,34.0217,125.7,2026-02-12,125,,,,,,,,,,,,
서해,312,04,312-04,34.0217,125.7,2026-02-12,150,,,,,,,,,,,,
서해,312,04,312-04,34.0217,125.7,2026-02-12,200,,,,,,,,,,,,
서해,312,04,312-04,34.0217,125.7,2026-02-12,250,,,,,,,,,,,,
서해,312,04,312-04,34.0217,125.7,2026-02-12,300,,,,,,,,,,,,
서해,312,04,312-04,34.0217,125.7,2026-02-12,400,,,,,,,,,,,,
서해,312,04,312-04,34.0217,125.7,2026-02-12,500,,,,,,,,,,,,
서해,312,04,312-04,34.0217,125.7,2026-04-20,0,10.75,32.69,,,,,,,,,,
서해,312,04,312-04,34.0217,125.7,2026-04-20,10,10.44,32.65,,,,,,,,,,
서해,312,04,312-04,34.0217,125.7,2026-04-20,20,9.86,32.65,,,,,,,,,,
서해,312,04,312-04,34.0217,125.7,2026-04-20,30,8.97,32.83,,,,,,,,,,
서해,312,04,312-04,34.0217,125.7,2026-04-20,50,9.00,32.87,,,,,,,,,,
서해,312,04,312-04,34.0217,125.7,2026-06-16,0,18.96,32.49,,,,,,,,,,
서해,312,04,312-04,34.0217,125.7,2026-06-16,10,18.95,32.48,,,,,,,,,,
서해,312,04,312-04,34.0217,125.7,2026-06-16,20,18.25,32.51,,,,,,,,,,
서해,312,04,312-04,34.0217,125.7,2026-06-16,30,15.02,32.61,,,,,,,,,,
서해,312,04,312-04,34.0217,125.7,2026-06-16,50,10.84,32.84,,,,,,,,,,
서해,312,04,312-04,34.0217,125.7,2026-08-19,0,25.61,31.52,,,,,,,,,,
서해,312,04,312-04,34.0217,125.7,2026-08-19,10,23.89,31.73,,,,,,,,,,
서해,312,04,312-04,34.0217,125.7,2026-08-19,20,20.25,32.35,,,,,,,,,,
서해,312,04,312-04,34.0217,125.7,2026-08-19,30,16.38,32.48,,,,,,,,,,
서해,312,04,312-04,34.0217,125.7,2026-08-19,50,13.40,32.67,,,,,,,,,,
서해,312,05,312-05,34.0433,125.5,2025-10-29,0,20.39,32.88,5.20,0.11,0.22,3.01,8.19,0.62,,,1026.00,탐구8호
서해,312,05,312-05,34.0433,125.5,2025-10-29,10,20.41,32.88,5.20,,,,,,,,1026.00,탐구8호
서해,312,05,312-05,34.0433,125.5,2025-10-29,20,20.40,32.89,5.20,0.16,0.21,3.55,8.62,0.72,,,1026.00,탐구8호
서해,312,05,312-05,34.0433,125.5,2025-10-29,30,20.04,32.93,5.23,,,,,,,,1026.00,탐구8호
서해,312,05,312-05,34.0433,125.5,2025-10-29,50,13.71,33.23,5.91,0.92,0.05,14.45,17.92,0.07,,,1026.00,탐구8호
서해,312,05,312-05,34.0433,125.5,2025-10-29,75,13.69,33.21,,,,,,,,,1026.00,탐구8호
서해,312,05,312-05,34.0433,125.5,2025-12-16,0,14.22,33.18,5.23,0.63,0.30,9.69,14.13,0.32,,,1024.00,탐구8호
서해,312,05,312-05,34.0433,125.5,2025-12-16,10,14.20,33.17,,,,,,,,,1024.00,탐구8호
서해,312,05,312-05,34.0433,125.5,2025-12-16,20,14.22,33.18,5.24,0.64,0.30,9.80,14.15,0.29,,,1024.00,탐구8호
서해,312,05,312-05,34.0433,125.5,2025-12-16,30,14.19,33.17,,,,,,,,,1024.00,탐구8호
서해,312,05,312-05,34.0433,125.5,2025-12-16,50,14.06,33.14,5.34,0.67,0.26,9.84,14.63,0.27,,,1024.00,탐구8호
서해,312,05,312-05,34.0433,125.5,2025-12-16,75,13.94,33.10,,,,,,,,,1024.00,탐구8호
서해,312,05,312-05,34.0433,125.5,2026-02-12,0,8.98,32.98,,,,,,,,,,
서해,312,05,312-05,34.0433,125.5,2026-02-12,10,9.00,32.98,,,,,,,,,,
서해,312,05,312-05,34.0433,125.5,2026-02-12,20,9.00,32.98,,,,,,,,,,
서해,312,05,312-05,34.0433,125.5,2026-02-12,30,9.00,32.98,,,,,,,,,,
서해,312,05,312-05,34.0433,125.5,2026-02-12,50,9.01,32.98,,,,,,,,,,
서해,312,05,312-05,34.0433,125.5,2026-02-12,75,,,,,,,,,,,,
서해,312,05,312-05,34.0433,125.5,2026-02-12,100,,,,,,,,,,,,
서해,312,05,312-05,34.0433,125.5,2026-02-12,125,,,,,,,,,,,,
서해,312,05,312-05,34.0433,125.5,2026-02-12,150,,,,,,,,,,,,
서해,312,05,312-05,34.0433,125.5,2026-02-12,200,,,,,,,,,,,,
서해,312,05,312-05,34.0433,125.5,2026-02-12,250,,,,,,,,,,,,
서해,312,05,312-05,34.0433,125.5,2026-02-12,300,,,,,,,,,,,,
서해,312,05,312-05,34.0433,125.5,2026-02-12,400,,,,,,,,,,,,
서해,312,05,312-05,34.0433,125.5,2026-02-12,500,,,,,,,,,,,,
서해,312,05,312-05,34.0433,125.5,2026-04-20,0,10.24,32.62,,,,,,,,,,
서해,312,05,312-05,34.0433,125.5,2026-04-20,10,10.19,32.62,,,,,,,,,,
서해,312,05,312-05,34.0433,125.5,2026-04-20,20,10.00,32.62,,,,,,,,,,
서해,312,05,312-05,34.0433,125.5,2026-04-20,30,9.30,32.96,,,,,,,,,,
서해,312,05,312-05,34.0433,125.5,2026-04-20,50,9.58,33.10,,,,,,,,,,
서해,312,05,312-05,34.0433,125.5,2026-06-16,0,18.41,32.49,,,,,,,,,,
서해,312,05,312-05,34.0433,125.5,2026-06-16,10,16.94,32.53,,,,,,,,,,
서해,312,05,312-05,34.0433,125.5,2026-06-16,20,15.03,32.59,,,,,,,,,,
서해,312,05,312-05,34.0433,125.5,2026-06-16,30,12.99,32.66,,,,,,,,,,
서해,312,05,312-05,34.0433,125.5,2026-06-16,50,11.23,32.77,,,,,,,,,,
서해,312,05,312-05,34.0433,125.5,2026-08-19,0,28.04,30.92,,,,,,,,,,
서해,312,05,312-05,34.0433,125.5,2026-08-19,10,27.76,31.08,,,,,,,,,,
서해,312,05,312-05,34.0433,125.5,2026-08-19,20,21.62,32.16,,,,,,,,,,
서해,312,05,312-05,34.0433,125.5,2026-08-19,30,16.47,32.51,,,,,,,,,,
서해,312,05,312-05,34.0433,125.5,2026-08-19,50,12.71,32.79,,,,,,,,,,
서해,312,06,312-06,34.0683,125.3,2025-10-29,0,19.85,32.65,5.26,,,,,,,,1026.00,탐구8호
서해,312,06,312-06,34.0683,125.3,2025-10-29,10,19.86,32.65,5.26,,,,,,,,1026.00,탐구8호
서해,312,06,312-06,34.0683,125.3,2025-10-29,20,19.86,32.65,5.26,,,,,,,,1026.00,탐구8호
서해,312,06,312-06,34.0683,125.3,2025-10-29,30,17.61,32.80,5.48,,,,,,,,1026.00,탐구8호
서해,312,06,312-06,34.0683,125.3,2025-10-29,50,13.14,33.26,5.97,,,,,,,,1026.00,탐구8호
서해,312,06,312-06,34.0683,125.3,2025-10-29,75,13.03,33.28,5.99,,,,,,,,1026.00,탐구8호
서해,312,06,312-06,34.0683,125.3,2025-10-29,100,13.01,33.28,5.99,,,,,,,,1026.00,탐구8호
서해,312,06,312-06,34.0683,125.3,2025-12-16,0,13.88,33.13,,,,,,,,,1024.00,탐구8호
서해,312,06,312-06,34.0683,125.3,2025-12-16,10,13.89,33.13,,,,,,,,,1024.00,탐구8호
서해,312,06,312-06,34.0683,125.3,2025-12-16,20,13.88,33.13,,,,,,,,,1024.00,탐구8호
서해,312,06,312-06,34.0683,125.3,2025-12-16,30,13.89,33.13,,,,,,,,,1024.00,탐구8호
서해,312,06,312-06,34.0683,125.3,2025-12-16,50,13.89,33.13,,,,,,,,,1024.00,탐구8호
서해,312,06,312-06,34.0683,125.3,2025-12-16,75,13.90,33.13,,,,,,,,,1024.00,탐구8호
서해,312,06,312-06,34.0683,125.3,2025-12-16,100,13.92,33.13,,,,,,,,,1024.00,탐구8호
서해,312,06,312-06,34.0683,125.3,2026-02-12,0,8.01,32.76,,,,,,,,,,
서해,312,06,312-06,34.0683,125.3,2026-02-12,10,8.01,32.76,,,,,,,,,,
서해,312,06,312-06,34.0683,125.3,2026-02-12,20,8.01,32.77,,,,,,,,,,
서해,312,06,312-06,34.0683,125.3,2026-02-12,30,8.01,32.76,,,,,,,,,,
서해,312,06,312-06,34.0683,125.3,2026-02-12,50,8.11,32.78,,,,,,,,,,
서해,312,06,312-06,34.0683,125.3,2026-02-12,75,8.12,32.78,,,,,,,,,,
서해,312,06,312-06,34.0683,125.3,2026-02-12,100,8.54,32.87,,,,,,,,,,
서해,312,06,312-06,34.0683,125.3,2026-02-12,125,,,,,,,,,,,,
서해,312,06,312-06,34.0683,125.3,2026-02-12,150,,,,,,,,,,,,
서해,312,06,312-06,34.0683,125.3,2026-02-12,200,,,,,,,,,,,,
서해,312,06,312-06,34.0683,125.3,2026-02-12,250,,,,,,,,,,,,
서해,312,06,312-06,34.0683,125.3,2026-02-12,300,,,,,,,,,,,,
서해,312,06,312-06,34.0683,125.3,2026-02-12,400,,,,,,,,,,,,
서해,312,06,312-06,34.0683,125.3,2026-02-12,500,,,,,,,,,,,,
서해,312,06,312-06,34.0683,125.3,2026-04-20,0,10.55,32.65,,,,,,,,,,
서해,312,06,312-06,34.0683,125.3,2026-04-20,10,10.46,32.66,,,,,,,,,,
서해,312,06,312-06,34.0683,125.3,2026-04-20,20,10.18,32.66,,,,,,,,,,
서해,312,06,312-06,34.0683,125.3,2026-04-20,30,9.60,32.70,,,,,,,,,,
서해,312,06,312-06,34.0683,125.3,2026-04-20,50,8.90,32.74,,,,,,,,,,
서해,312,06,312-06,34.0683,125.3,2026-04-20,75,9.07,32.98,,,,,,,,,,
서해,312,06,312-06,34.0683,125.3,2026-04-20,100,9.04,33.00,,,,,,,,,,
서해,312,06,312-06,34.0683,125.3,2026-06-16,0,18.69,32.49,,,,,,,,,,
서해,312,06,312-06,34.0683,125.3,2026-06-16,10,18.59,32.56,,,,,,,,,,
서해,312,06,312-06,34.0683,125.3,2026-06-16,20,13.57,32.64,,,,,,,,,,
서해,312,06,312-06,34.0683,125.3,2026-06-16,30,11.97,32.72,,,,,,,,,,
서해,312,06,312-06,34.0683,125.3,2026-06-16,50,10.36,32.86,,,,,,,,,,
서해,312,06,312-06,34.0683,125.3,2026-06-16,75,9.94,32.86,,,,,,,,,,
서해,312,06,312-06,34.0683,125.3,2026-06-16,100,9.77,32.85,,,,,,,,,,
서해,312,06,312-06,34.0683,125.3,2026-08-19,0,28.24,31.03,,,,,,,,,,
서해,312,06,312-06,34.0683,125.3,2026-08-19,10,27.04,31.12,,,,,,,,,,
서해,312,06,312-06,34.0683,125.3,2026-08-19,20,24.32,31.53,,,,,,,,,,
서해,312,06,312-06,34.0683,125.3,2026-08-19,30,21.25,31.96,,,,,,,,,,
서해,312,06,312-06,34.0683,125.3,2026-08-19,50,15.13,32.58,,,,,,,,,,
서해,312,06,312-06,34.0683,125.3,2026-08-19,75,10.74,32.81,,,,,,,,,,
서해,312,06,312-06,34.0683,125.3,2026-08-19,100,10.11,32.75,,,,,,,,,,
서해,312,07,312-07,34.0917,125,2025-10-28,0,22.51,33.61,4.99,0.03,0.05,1.63,5.25,0.44,,,1027.00,탐구8호
서해,312,07,312-07,34.0917,125,2025-10-28,10,22.52,33.61,4.99,,,,,,,,1027.00,탐구8호
서해,312,07,312-07,34.0917,125,2025-10-28,20,22.51,33.61,4.99,0.26,0.08,4.21,8.92,0.38,,,1027.00,탐구8호
서해,312,07,312-07,34.0917,125,2025-10-28,30,14.02,33.19,5.87,,,,,,,,1027.00,탐구8호
서해,312,07,312-07,34.0917,125,2025-10-28,50,12.93,33.23,6.00,0.93,0.05,14.12,18.01,0.04,,,1027.00,탐구8호
서해,312,07,312-07,34.0917,125,2025-10-28,75,12.77,33.25,6.02,,,,,,,,1027.00,탐구8호
서해,312,07,312-07,34.0917,125,2025-12-16,0,13.43,32.73,5.58,0.37,0.48,6.31,11.26,0.40,,,1024.00,탐구8호
서해,312,07,312-07,34.0917,125,2025-12-16,10,13.43,32.73,,,,,,,,,1024.00,탐구8호
서해,312,07,312-07,34.0917,125,2025-12-16,20,13.44,32.73,5.53,0.41,0.46,6.55,11.41,0.38,,,1024.00,탐구8호
서해,312,07,312-07,34.0917,125,2025-12-16,30,13.44,32.73,,,,,,,,,1024.00,탐구8호
서해,312,07,312-07,34.0917,125,2025-12-16,50,15.13,33.28,3.97,0.75,0.12,11.22,16.09,0.11,,,1024.00,탐구8호
서해,312,07,312-07,34.0917,125,2025-12-16,75,13.72,33.03,,,,,,,,,1024.00,탐구8호
서해,312,07,312-07,34.0917,125,2026-02-11,0,9.52,33.04,,,,,,,,,,
서해,312,07,312-07,34.0917,125,2026-02-11,10,9.52,33.04,,,,,,,,,,
서해,312,07,312-07,34.0917,125,2026-02-11,20,9.55,33.05,,,,,,,,,,
서해,312,07,312-07,34.0917,125,2026-02-11,30,9.55,33.05,,,,,,,,,,
서해,312,07,312-07,34.0917,125,2026-02-11,50,9.55,33.05,,,,,,,,,,
서해,312,07,312-07,34.0917,125,2026-02-11,75,9.56,33.05,,,,,,,,,,
서해,312,07,312-07,34.0917,125,2026-02-11,100,,,,,,,,,,,,
서해,312,07,312-07,34.0917,125,2026-02-11,125,,,,,,,,,,,,
서해,312,07,312-07,34.0917,125,2026-02-11,150,,,,,,,,,,,,
서해,312,07,312-07,34.0917,125,2026-02-11,200,,,,,,,,,,,,
서해,312,07,312-07,34.0917,125,2026-02-11,250,,,,,,,,,,,,
서해,312,07,312-07,34.0917,125,2026-02-11,300,,,,,,,,,,,,
서해,312,07,312-07,34.0917,125,2026-02-11,400,,,,,,,,,,,,
서해,312,07,312-07,34.0917,125,2026-02-11,500,,,,,,,,,,,,
서해,312,07,312-07,34.0917,125,2026-04-20,0,10.83,32.67,,,,,,,,,,
서해,312,07,312-07,34.0917,125,2026-04-20,10,10.78,32.69,,,,,,,,,,
서해,312,07,312-07,34.0917,125,2026-04-20,20,10.22,32.74,,,,,,,,,,
서해,312,07,312-07,34.0917,125,2026-04-20,30,8.63,32.83,,,,,,,,,,
서해,312,07,312-07,34.0917,125,2026-04-20,50,8.55,32.84,,,,,,,,,,
서해,312,07,312-07,34.0917,125,2026-04-20,75,8.61,32.86,,,,,,,,,,
서해,312,07,312-07,34.0917,125,2026-06-16,0,21.42,32.79,,,,,,,,,,
서해,312,07,312-07,34.0917,125,2026-06-16,10,21.42,32.80,,,,,,,,,,
서해,312,07,312-07,34.0917,125,2026-06-16,20,20.76,32.93,,,,,,,,,,
서해,312,07,312-07,34.0917,125,2026-06-16,30,13.44,33.00,,,,,,,,,,
서해,312,07,312-07,34.0917,125,2026-06-16,50,11.12,33.15,,,,,,,,,,
서해,312,07,312-07,34.0917,125,2026-06-16,75,9.81,33.10,,,,,,,,,,
서해,312,07,312-07,34.0917,125,2026-08-19,0,28.57,30.25,,,,,,,,,,
서해,312,07,312-07,34.0917,125,2026-08-19,10,28.36,30.53,,,,,,,,,,
서해,312,07,312-07,34.0917,125,2026-08-19,20,27.00,30.83,,,,,,,,,,
서해,312,07,312-07,34.0917,125,2026-08-19,30,23.70,31.43,,,,,,,,,,
서해,312,07,312-07,34.0917,125,2026-08-19,50,15.72,32.55,,,,,,,,,,
서해,312,07,312-07,34.0917,125,2026-08-19,75,11.31,33.02,,,,,,,,,,
서해,312,08,312-08,34.0917,124.8,2025-10-28,0,19.72,32.74,5.27,,,,,,,,1027.00,탐구8호
서해,312,08,312-08,34.0917,124.8,2025-10-28,10,19.73,32.74,5.27,,,,,,,,1027.00,탐구8호
서해,312,08,312-08,34.0917,124.8,2025-10-28,20,19.73,32.74,5.27,,,,,,,,1027.00,탐구8호
서해,312,08,312-08,34.0917,124.8,2025-10-28,30,18.09,32.73,5.44,,,,,,,,1027.00,탐구8호
서해,312,08,312-08,34.0917,124.8,2025-10-28,50,12.99,33.14,6.00,,,,,,,,1027.00,탐구8호
서해,312,08,312-08,34.0917,124.8,2025-10-28,75,12.54,33.29,6.05,,,,,,,,1027.00,탐구8호
서해,312,08,312-08,34.0917,124.8,2025-12-16,0,13.69,32.65,,,,,,,,,1024.00,탐구8호
서해,312,08,312-08,34.0917,124.8,2025-12-16,10,13.70,32.64,,,,,,,,,1024.00,탐구8호
서해,312,08,312-08,34.0917,124.8,2025-12-16,20,13.54,32.63,,,,,,,,,1024.00,탐구8호
서해,312,08,312-08,34.0917,124.8,2025-12-16,30,13.42,32.66,,,,,,,,,1024.00,탐구8호
서해,312,08,312-08,34.0917,124.8,2025-12-16,50,13.29,32.72,,,,,,,,,1024.00,탐구8호
서해,312,08,312-08,34.0917,124.8,2025-12-16,75,12.70,33.18,,,,,,,,,1024.00,탐구8호
서해,312,08,312-08,34.0917,124.8,2026-02-11,0,9.39,32.97,,,,,,,,,,
서해,312,08,312-08,34.0917,124.8,2026-02-11,10,9.39,32.97,,,,,,,,,,
서해,312,08,312-08,34.0917,124.8,2026-02-11,20,9.40,32.98,,,,,,,,,,
서해,312,08,312-08,34.0917,124.8,2026-02-11,30,9.73,33.06,,,,,,,,,,
서해,312,08,312-08,34.0917,124.8,2026-02-11,50,9.91,33.12,,,,,,,,,,
서해,312,08,312-08,34.0917,124.8,2026-02-11,75,10.20,33.21,,,,,,,,,,
서해,312,08,312-08,34.0917,124.8,2026-02-11,100,,,,,,,,,,,,
서해,312,08,312-08,34.0917,124.8,2026-02-11,125,,,,,,,,,,,,
서해,312,08,312-08,34.0917,124.8,2026-02-11,150,,,,,,,,,,,,
서해,312,08,312-08,34.0917,124.8,2026-02-11,200,,,,,,,,,,,,
서해,312,08,312-08,34.0917,124.8,2026-02-11,250,,,,,,,,,,,,
서해,312,08,312-08,34.0917,124.8,2026-02-11,300,,,,,,,,,,,,
서해,312,08,312-08,34.0917,124.8,2026-02-11,400,,,,,,,,,,,,
서해,312,08,312-08,34.0917,124.8,2026-02-11,500,,,,,,,,,,,,
서해,312,08,312-08,34.0917,124.8,2026-04-19,0,11.19,32.92,,,,,,,,,,
서해,312,08,312-08,34.0917,124.8,2026-04-19,10,11.04,32.71,,,,,,,,,,
서해,312,08,312-08,34.0917,124.8,2026-04-19,20,10.49,32.79,,,,,,,,,,
서해,312,08,312-08,34.0917,124.8,2026-04-19,30,9.88,32.80,,,,,,,,,,
서해,312,08,312-08,34.0917,124.8,2026-04-19,50,8.92,32.94,,,,,,,,,,
서해,312,08,312-08,34.0917,124.8,2026-04-19,75,9.35,33.08,,,,,,,,,,
서해,312,08,312-08,34.0917,124.8,2026-06-16,0,22.07,31.70,,,,,,,,,,
서해,312,08,312-08,34.0917,124.8,2026-06-16,10,21.77,31.88,,,,,,,,,,
서해,312,08,312-08,34.0917,124.8,2026-06-16,20,16.40,32.31,,,,,,,,,,
서해,312,08,312-08,34.0917,124.8,2026-06-16,30,8.94,32.68,,,,,,,,,,
서해,312,08,312-08,34.0917,124.8,2026-06-16,50,8.61,32.74,,,,,,,,,,
서해,312,08,312-08,34.0917,124.8,2026-06-16,75,8.81,32.82,,,,,,,,,,
서해,312,08,312-08,34.0917,124.8,2026-08-19,0,28.80,30.27,,,,,,,,,,
서해,312,08,312-08,34.0917,124.8,2026-08-19,10,28.54,30.36,,,,,,,,,,
서해,312,08,312-08,34.0917,124.8,2026-08-19,20,27.13,31.00,,,,,,,,,,
서해,312,08,312-08,34.0917,124.8,2026-08-19,30,22.84,31.61,,,,,,,,,,
서해,312,08,312-08,34.0917,124.8,2026-08-19,50,13.53,32.91,,,,,,,,,,
서해,312,08,312-08,34.0917,124.8,2026-08-19,75,10.70,33.08,,,,,,,,,,
서해,312,09,312-09,34.0917,124.6,2025-10-28,0,19.02,31.89,5.37,0.00,0.09,1.46,6.28,0.69,,,1027.00,탐구8호
서해,312,09,312-09,34.0917,124.6,2025-10-28,10,19.05,31.90,5.36,,,,,,,,1027.00,탐구8호
서해,312,09,312-09,34.0917,124.6,2025-10-28,20,19.79,32.54,5.27,0.04,0.23,1.99,7.05,0.90,,,1027.00,탐구8호
서해,312,09,312-09,34.0917,124.6,2025-10-28,30,14.60,32.96,5.81,,,,,,,,1027.00,탐구8호
서해,312,09,312-09,34.0917,124.6,2025-10-28,50,12.77,33.21,6.02,0.91,0.05,13.81,17.89,0.06,,,1027.00,탐구8호
서해,312,09,312-09,34.0917,124.6,2025-10-28,75,12.10,33.31,6.10,,,,,,,,1027.00,탐구8호
서해,312,09,312-09,34.0917,124.6,2025-12-16,0,13.27,32.37,5.97,0.16,0.56,3.51,7.75,0.52,,,1024.00,탐구8호
서해,312,09,312-09,34.0917,124.6,2025-12-16,10,13.33,32.44,,,,,,,,,1024.00,탐구8호
서해,312,09,312-09,34.0917,124.6,2025-12-16,20,13.29,32.51,5.87,0.25,0.56,4.71,9.09,0.51,,,1024.00,탐구8호
서해,312,09,312-09,34.0917,124.6,2025-12-16,30,13.17,32.58,,,,,,,,,1024.00,탐구8호
서해,312,09,312-09,34.0917,124.6,2025-12-16,50,13.13,32.69,5.60,0.41,0.43,7.64,11.17,0.32,,,1024.00,탐구8호
서해,312,09,312-09,34.0917,124.6,2025-12-16,75,12.86,33.05,,,,,,,,,1024.00,탐구8호
서해,312,09,312-09,34.0917,124.6,2026-02-11,0,9.34,32.94,,,,,,,,,,
서해,312,09,312-09,34.0917,124.6,2026-02-11,10,9.34,32.94,,,,,,,,,,
서해,312,09,312-09,34.0917,124.6,2026-02-11,20,9.34,32.94,,,,,,,,,,
서해,312,09,312-09,34.0917,124.6,2026-02-11,30,9.36,32.94,,,,,,,,,,
서해,312,09,312-09,34.0917,124.6,2026-02-11,50,10.25,33.23,,,,,,,,,,
서해,312,09,312-09,34.0917,124.6,2026-02-11,75,10.63,33.38,,,,,,,,,,
서해,312,09,312-09,34.0917,124.6,2026-02-11,100,,,,,,,,,,,,
서해,312,09,312-09,34.0917,124.6,2026-02-11,125,,,,,,,,,,,,
서해,312,09,312-09,34.0917,124.6,2026-02-11,150,,,,,,,,,,,,
서해,312,09,312-09,34.0917,124.6,2026-02-11,200,,,,,,,,,,,,
서해,312,09,312-09,34.0917,124.6,2026-02-11,250,,,,,,,,,,,,
서해,312,09,312-09,34.0917,124.6,2026-02-11,300,,,,,,,,,,,,
서해,312,09,312-09,34.0917,124.6,2026-02-11,400,,,,,,,,,,,,
서해,312,09,312-09,34.0917,124.6,2026-02-11,500,,,,,,,,,,,,
서해,312,09,312-09,34.0917,124.6,2026-04-19,0,11.91,32.92,,,,,,,,,,
서해,312,09,312-09,34.0917,124.6,2026-04-19,10,11.46,32.90,,,,,,,,,,
서해,312,09,312-09,34.0917,124.6,2026-04-19,20,10.44,32.85,,,,,,,,,,
서해,312,09,312-09,34.0917,124.6,2026-04-19,30,9.41,32.87,,,,,,,,,,
서해,312,09,312-09,34.0917,124.6,2026-04-19,50,9.37,33.09,,,,,,,,,,
서해,312,09,312-09,34.0917,124.6,2026-04-19,75,9.39,33.10,,,,,,,,,,
서해,312,09,312-09,34.0917,124.6,2026-06-16,0,22.87,29.17,,,,,,,,,,
서해,312,09,312-09,34.0917,124.6,2026-06-16,10,21.63,30.95,,,,,,,,,,
서해,312,09,312-09,34.0917,124.6,2026-06-16,20,16.31,32.83,,,,,,,,,,
서해,312,09,312-09,34.0917,124.6,2026-06-16,30,12.80,33.03,,,,,,,,,,
서해,312,09,312-09,34.0917,124.6,2026-06-16,50,10.34,33.38,,,,,,,,,,
서해,312,09,312-09,34.0917,124.6,2026-06-16,75,10.37,33.40,,,,,,,,,,
서해,312,09,312-09,34.0917,124.6,2026-08-19,0,28.63,30.41,,,,,,,,,,
서해,312,09,312-09,34.0917,124.6,2026-08-19,10,27.72,30.55,,,,,,,,,,
서해,312,09,312-09,34.0917,124.6,2026-08-19,20,26.11,30.92,,,,,,,,,,
서해,312,09,312-09,34.0917,124.6,2026-08-19,30,21.04,31.99,,,,,,,,,,
서해,312,09,312-09,34.0917,124.6,2026-08-19,50,11.21,33.24,,,,,,,,,,
서해,312,09,312-09,34.0917,124.6,2026-08-19,75,10.04,33.13,,,,,,,,,,
서해,312,10,312-10,34.0917,124.4,2025-10-28,0,19.22,31.95,5.35,,,,,,,,1027.00,탐구8호
서해,312,10,312-10,34.0917,124.4,2025-10-28,10,19.22,31.96,5.35,,,,,,,,1027.00,탐구8호
서해,312,10,312-10,34.0917,124.4,2025-10-28,20,19.28,32.01,5.34,,,,,,,,1027.00,탐구8호
서해,312,10,312-10,34.0917,124.4,2025-10-28,30,19.72,32.42,5.28,,,,,,,,1027.00,탐구8호
서해,312,10,312-10,34.0917,124.4,2025-10-28,50,11.42,33.35,6.19,,,,,,,,1027.00,탐구8호
서해,312,10,312-10,34.0917,124.4,2025-10-28,75,11.30,33.34,6.21,,,,,,,,1027.00,탐구8호
서해,312,10,312-10,34.0917,124.4,2025-12-15,0,13.43,32.44,,,,,,,,,1024.00,탐구8호
서해,312,10,312-10,34.0917,124.4,2025-12-15,10,13.47,32.45,,,,,,,,,1024.00,탐구8호
서해,312,10,312-10,34.0917,124.4,2025-12-15,20,13.49,32.46,,,,,,,,,1024.00,탐구8호
서해,312,10,312-10,34.0917,124.4,2025-12-15,30,13.53,32.48,,,,,,,,,1024.00,탐구8호
서해,312,10,312-10,34.0917,124.4,2025-12-15,50,13.53,32.49,,,,,,,,,1024.00,탐구8호
서해,312,10,312-10,34.0917,124.4,2025-12-15,75,13.40,32.76,,,,,,,,,1024.00,탐구8호
서해,312,10,312-10,34.0917,124.4,2026-02-11,0,10.00,33.18,,,,,,,,,,
서해,312,10,312-10,34.0917,124.4,2026-02-11,10,10.00,33.18,,,,,,,,,,
서해,312,10,312-10,34.0917,124.4,2026-02-11,20,10.01,33.18,,,,,,,,,,
서해,312,10,312-10,34.0917,124.4,2026-02-11,30,9.99,33.17,,,,,,,,,,
서해,312,10,312-10,34.0917,124.4,2026-02-11,50,10.04,33.20,,,,,,,,,,
서해,312,10,312-10,34.0917,124.4,2026-02-11,75,10.46,33.32,,,,,,,,,,
서해,312,10,312-10,34.0917,124.4,2026-02-11,100,,,,,,,,,,,,
서해,312,10,312-10,34.0917,124.4,2026-02-11,125,,,,,,,,,,,,
서해,312,10,312-10,34.0917,124.4,2026-02-11,150,,,,,,,,,,,,
서해,312,10,312-10,34.0917,124.4,2026-02-11,200,,,,,,,,,,,,
서해,312,10,312-10,34.0917,124.4,2026-02-11,250,,,,,,,,,,,,
서해,312,10,312-10,34.0917,124.4,2026-02-11,300,,,,,,,,,,,,
서해,312,10,312-10,34.0917,124.4,2026-02-11,400,,,,,,,,,,,,
서해,312,10,312-10,34.0917,124.4,2026-02-11,500,,,,,,,,,,,,
서해,312,10,312-10,34.0917,124.4,2026-04-19,0,12.39,32.97,,,,,,,,,,
서해,312,10,312-10,34.0917,124.4,2026-04-19,10,11.83,33.33,,,,,,,,,,
서해,312,10,312-10,34.0917,124.4,2026-04-19,20,9.98,32.93,,,,,,,,,,
서해,312,10,312-10,34.0917,124.4,2026-04-19,30,9.38,32.91,,,,,,,,,,
서해,312,10,312-10,34.0917,124.4,2026-04-19,50,9.38,33.10,,,,,,,,,,
서해,312,10,312-10,34.0917,124.4,2026-06-16,0,22.61,30.36,,,,,,,,,,
서해,312,10,312-10,34.0917,124.4,2026-06-16,10,21.18,32.15,,,,,,,,,,
서해,312,10,312-10,34.0917,124.4,2026-06-16,20,16.72,32.25,,,,,,,,,,
서해,312,10,312-10,34.0917,124.4,2026-06-16,30,12.39,32.94,,,,,,,,,,
서해,312,10,312-10,34.0917,124.4,2026-06-16,50,10.16,33.31,,,,,,,,,,
서해,312,10,312-10,34.0917,124.4,2026-06-16,75,10.23,33.35,,,,,,,,,,
서해,312,10,312-10,34.0917,124.4,2026-08-19,0,28.66,30.10,,,,,,,,,,
서해,312,10,312-10,34.0917,124.4,2026-08-19,10,27.37,30.68,,,,,,,,,,
서해,312,10,312-10,34.0917,124.4,2026-08-19,20,22.52,31.88,,,,,,,,,,
서해,312,10,312-10,34.0917,124.4,2026-08-19,30,16.56,33.09,,,,,,,,,,
서해,312,10,312-10,34.0917,124.4,2026-08-19,50,10.38,33.25,,,,,,,,,,
서해,312,10,312-10,34.0917,124.4,2026-08-19,75,10.44,33.24,,,,,,,,,,
